customer_id,age,region
1,40,North
2,33,West
3,42,Central
4,53,West
5,32,East
6,32,Central
7,53,West
8,44,East
9,29,West
10,41,West
11,29,Central
12,29,East
13,37,North
14,18,South
15,18,Central
16,28,East
17,22,West
18,38,East
19,24,South
20,18,South
21,52,North
22,32,North
23,35,South
24,18,Central
25,28,Central
26,36,West
27,21,North
28,39,West
29,27,North
30,31,South
31,27,Central
32,57,Central
33,34,South
34,22,West
35,44,West
36,20,East
37,37,North
38,18,West
39,19,South
40,37,West
41,43,Central
42,37,North
43,33,East
44,31,North
45,18,Central
46,26,Central
47,29,Central
48,47,Central
49,39,South
50,18,East
51,38,Central
52,30,Central
53,26,West
54,42,East
55,47,North
56,46,East
57,24,East
58,31,East
59,38,Central
60,46,Central
61,29,South
62,32,North
63,21,West
64,20,East
65,44,North
66,51,North
67,34,South
68,47,West
69,39,East
70,27,West
71,39,South
72,53,Central
73,34,North
74,53,East
75,18,Central
76,44,South
77,36,West
78,31,North
79,36,East
80,18,Central
81,32,Central
82,39,North
83,52,West
84,28,South
85,25,West
86,28,West
87,45,West
88,38,North
89,28,North
90,41,South
91,36,West
92,46,North
93,26,South
94,31,South
95,30,West
96,18,East
97,38,West
98,38,East
99,35,South
100,32,North
101,18,Central
102,29,South
103,30,North
104,25,South
105,33,West
106,39,East
107,57,South
108,37,North
109,38,West
110,34,Central
111,18,West
112,34,East
113,35,West
114,64,Central
115,32,North
116,38,South
117,34,East
118,20,Central
119,48,East
120,44,West
121,44,East
122,24,Central
123,51,South
124,18,South
125,42,East
126,61,North
127,23,East
128,28,West
129,36,South
130,28,South
131,18,South
132,35,North
133,22,North
134,40,Central
135,23,East
136,53,East
137,25,West
138,31,South
139,44,North
140,20,West
141,37,West
142,50,North
143,18,East
144,37,South
145,38,East
146,44,West
147,20,South
148,19,Central
149,41,West
150,38,East
151,38,East
152,39,East
153,26,North
154,37,West
155,38,South
156,26,East
157,57,East
158,40,North
159,20,South
160,42,West
161,23,Central
162,44,North
163,48,West
164,25,Central
165,46,East
166,39,East
167,44,South
168,57,Central
169,32,East
170,25,East
171,24,South
172,25,West
173,34,East
174,39,North
175,38,North
176,44,West
177,35,Central
178,52,South
179,31,North
180,67,North
181,42,West
182,24,Central
183,22,Central
184,40,West
185,32,North
186,43,South
187,40,North
188,34,Central
189,24,North
190,18,South
191,29,East
192,45,North
193,37,West
194,20,East
195,37,West
196,39,West
197,24,West
198,36,North
199,35,Central
200,21,East
201,39,South
202,41,Central
203,47,North
204,47,West
205,18,South
206,23,East
207,41,Central
208,41,Central
209,41,South
210,80,North
211,41,East
212,48,South
213,46,West
214,42,East
215,31,Central
216,44,South
217,25,Central
218,32,Central
219,29,Central
220,35,North
221,62,Central
222,18,West
223,43,West
224,18,East
225,29,Central
226,48,Central
227,35,South
228,22,North
229,26,East
230,43,Central
231,26,South
232,37,North
233,35,East
234,27,East
235,60,Central
236,42,East
237,18,South
238,37,East
239,27,West
240,45,South
241,25,North
242,33,North
243,41,Central
244,45,Central
245,20,West
246,30,North
247,29,North
248,27,North
249,56,North
250,39,East
251,19,South
252,46,South
253,60,West
254,47,East
255,18,North
256,29,North
257,50,Central
258,26,Central
259,40,West
260,44,North
261,23,West
262,34,East
263,18,South
264,22,North
265,31,East
266,20,North
267,54,Central
268,18,West
269,29,Central
270,36,South
271,52,Central
272,18,North
273,48,Central
274,35,North
275,23,South
276,40,Central
277,37,West
278,27,West
279,35,West
280,30,Central
281,36,Central
282,42,Central
283,54,North
284,20,South
285,60,West
286,18,North
287,33,West
288,42,North
289,38,Central
290,27,West
291,32,Central
292,29,West
293,27,East
294,45,North
295,39,East
296,26,North
297,45,South
298,38,West
299,44,South
300,42,South
301,25,North
302,28,East
303,43,Central
304,42,North
305,34,Central
306,36,South
307,50,Central
308,27,East
309,41,North
310,32,East
311,32,East
312,48,North
313,44,East
314,44,West
315,50,West
316,35,West
317,43,Central
318,31,East
319,38,North
320,33,North
321,36,Central
322,42,North
323,25,West
324,60,East
325,22,North
326,20,North
327,48,South
328,44,South
329,42,South
330,42,East
331,34,West
332,24,West
333,35,West
334,26,East
335,46,East
336,33,South
337,25,North
338,31,Central
339,39,Central
340,28,North
341,25,South
342,37,North
343,37,North
344,28,Central
345,29,South
346,37,East
347,18,Central
348,18,East
349,26,South
350,32,North
351,38,West
352,52,West
353,45,South
354,33,West
355,34,East
356,22,West
357,34,South
358,31,South
359,38,East
360,25,West
361,41,West
362,53,North
363,33,Central
364,39,South
365,43,North
366,30,South
367,37,North
368,35,Central
369,36,North
370,25,South
371,35,West
372,40,South
373,52,East
374,46,East
375,60,East
376,25,East
377,45,Central
378,37,West
379,61,West
380,25,South
381,24,North
382,27,South
383,18,South
384,28,South
385,25,South
386,36,West
387,39,North
388,57,South
389,46,West
390,28,South
391,24,East
392,40,South
393,19,South
394,56,Central
395,49,East
396,29,North
397,18,South
398,51,North
399,33,East
400,49,South
401,18,Central
402,27,West
403,35,Central
404,35,Central
405,29,West
406,42,West
407,22,West
408,33,South
409,36,North
410,41,North
411,43,West
412,21,Central
413,18,East
414,50,West
415,38,Central
416,26,Central
417,53,South
418,36,South
419,49,North
420,35,North
421,59,East
422,56,East
423,32,East
424,46,East
425,42,Central
426,51,Central
427,23,North
428,43,South
429,47,South
430,18,West
431,20,Central
432,18,East
433,31,East
434,43,West
435,53,South
436,35,East
437,54,South
438,18,West
439,18,South
440,34,South
441,39,South
442,34,East
443,18,North
444,33,Central
445,19,South
446,43,South
447,39,South
448,23,North
449,28,West
450,22,East
451,34,North
452,46,South
453,23,North
454,41,North
455,28,North
456,25,West
457,33,Central
458,22,East
459,28,West
460,20,West
461,58,Central
462,35,West
463,26,North
464,37,North
465,33,South
466,32,West
467,42,South
468,44,East
469,28,North
470,28,East
471,31,Central
472,18,North
473,18,East
474,51,Central
475,54,East
476,32,Central
477,41,Central
478,38,North
479,71,South
480,48,Central
481,33,Central
482,23,North
483,18,South
484,37,West
485,25,West
486,18,South
487,27,East
488,22,North
489,55,South
490,45,West
491,34,Central
492,52,West
493,35,Central
494,24,North
495,53,Central
496,41,South
497,22,Central
498,32,East
499,24,South
500,18,North
501,46,South
502,57,East
503,18,North
504,41,West
505,27,East
506,29,North
507,27,Central
508,24,South
509,35,North
510,25,South
511,38,Central
512,34,North
513,32,West
514,24,East
515,28,North
516,44,Central
517,41,North
518,23,South
519,36,North
520,44,West
521,18,North
522,41,East
523,27,North
524,41,South
525,25,North
526,18,West
527,18,Central
528,35,North
529,38,North
530,24,East
531,42,West
532,18,Central
533,34,South
534,20,North
535,27,Central
536,35,South
537,24,West
538,30,West
539,47,Central
540,28,South
541,45,West
542,21,Central
543,41,West
544,52,West
545,18,West
546,25,East
547,41,South
548,32,Central
549,39,Central
550,27,South
551,36,South
552,33,South
553,49,South
554,38,North
555,39,Central
556,30,North
557,29,West
558,29,West
559,39,Central
560,29,West
561,38,South
562,59,North
563,45,South
564,31,West
565,49,North
566,30,South
567,18,Central
568,22,South
569,18,West
570,30,North
571,35,Central
572,55,North
573,38,Central
574,32,North
575,44,West
576,18,Central
577,37,East
578,44,North
579,18,North
580,48,South
581,39,Central
582,30,East
583,42,West
584,62,South
585,37,East
586,37,Central
587,29,East
588,24,North
589,44,North
590,24,South
591,35,Central
592,29,Central
593,40,East
594,39,South
595,47,Central
596,28,North
597,31,East
598,23,West
599,29,North
600,39,South
601,44,Central
602,23,North
603,45,West
604,51,West
605,39,South
606,57,North
607,25,East
608,20,North
609,18,West
610,52,South
611,42,South
612,34,East
613,38,South
614,21,South
615,64,South
616,36,South
617,36,South
618,43,West
619,40,North
620,37,Central
621,25,South
622,40,Central
623,57,Central
624,51,West
625,54,South
626,28,Central
627,23,South
628,33,East
629,35,East
630,48,East
631,18,Central
632,53,East
633,33,West
634,29,West
635,22,Central
636,18,South
637,44,North
638,35,South
639,19,South
640,19,South
641,30,South
642,55,North
643,31,East
644,18,South
645,32,West
646,31,Central
647,18,Central
648,34,West
649,32,South
650,43,North
651,57,East
652,48,Central
653,31,East
654,21,North
655,65,Central
656,35,East
657,35,North
658,34,East
659,37,South
660,33,North
661,28,East
662,28,South
663,34,South
664,28,North
665,26,West
666,36,Central
667,31,North
668,53,South
669,18,South
670,48,North
671,49,West
672,18,Central
673,30,East
674,30,North
675,18,Central
676,25,Central
677,21,South
678,56,East
679,46,North
680,50,South
681,43,South
682,21,West
683,28,Central
684,40,North
685,20,North
686,43,North
687,32,South
688,30,West
689,43,East
690,40,South
691,30,East
692,48,West
693,22,Central
694,42,North
695,42,East
696,31,South
697,38,East
698,19,Central
699,46,North
700,32,East
701,28,Central
702,47,South
703,26,West
704,18,South
705,18,North
706,42,South
707,19,South
708,56,South
709,18,South
710,55,North
711,37,Central
712,33,East
713,28,West
714,39,East
715,34,East
716,48,West
717,36,North
718,36,West
719,30,North
720,34,East
721,38,North
722,18,Central
723,18,West
724,43,Central
725,37,East
726,32,West
727,35,East
728,39,Central
729,28,East
730,25,West
731,37,West
732,23,East
733,39,West
734,18,West
735,47,East
736,40,Central
737,38,West
738,46,West
739,54,West
740,47,West
741,18,East
742,19,Central
743,27,Central
744,35,North
745,41,West
746,26,West
747,37,North
748,25,Central
749,27,South
750,18,South
751,23,Central
752,18,West
753,23,South
754,47,East
755,23,East
756,66,North
757,40,Central
758,37,Central
759,24,South
760,43,West
761,28,Central
762,36,South
763,65,South
764,33,Central
765,48,South
766,26,North
767,34,North
768,56,Central
769,27,West
770,56,North
771,43,North
772,28,Central
773,42,East
774,46,South
775,42,North
776,18,East
777,26,West
778,32,East
779,34,Central
780,42,West
781,37,West
782,18,East
783,39,Central
784,42,North
785,41,East
786,47,North
787,45,East
788,40,North
789,34,East
790,18,West
791,40,South
792,37,West
793,38,North
794,19,Central
795,22,West
796,47,South
797,34,North
798,43,West
799,35,East
800,35,Central
801,46,North
802,28,West
803,36,North
804,29,East
805,29,South
806,31,West
807,37,North
808,29,North
809,50,North
810,24,South
811,32,North
812,29,Central
813,52,Central
814,37,North
815,47,Central
816,18,West
817,38,Central
818,45,North
819,35,East
820,47,West
821,28,South
822,51,North
823,62,South
824,30,East
825,29,South
826,52,North
827,53,North
828,28,East
829,29,North
830,31,East
831,18,East
832,23,North
833,22,Central
834,25,East
835,34,North
836,37,Central
837,53,East
838,23,Central
839,46,West
840,32,West
841,34,Central
842,43,East
843,21,North
844,39,South
845,36,North
846,40,South
847,38,South
848,64,East
849,27,Central
850,28,North
851,27,Central
852,28,West
853,27,East
854,49,East
855,52,West
856,28,North
857,25,West
858,40,North
859,28,South
860,42,East
861,37,North
862,18,Central
863,53,Central
864,56,East
865,27,West
866,30,West
867,38,North
868,39,West
869,42,East
870,59,North
871,32,South
872,25,West
873,18,West
874,26,North
875,34,Central
876,56,West
877,28,East
878,37,West
879,34,South
880,49,West
881,65,Central
882,28,West
883,29,North
884,47,West
885,43,Central
886,57,North
887,42,East
888,30,North
889,42,South
890,48,North
891,44,East
892,41,West
893,47,North
894,49,North
895,51,North
896,42,North
897,32,East
898,36,Central
899,49,Central
900,25,North
901,39,East
902,30,East
903,35,North
904,50,South
905,37,North
906,35,South
907,18,North
908,43,South
909,42,South
910,60,North
911,31,South
912,37,West
913,37,Central
914,53,East
915,33,South
916,38,South
917,42,East
918,37,South
919,29,East
920,37,North
921,47,West
922,22,West
923,36,Central
924,26,South
925,49,Central
926,18,North
927,28,West
928,39,North
929,53,North
930,34,South
931,28,North
932,57,West
933,18,Central
934,18,West
935,40,South
936,28,West
937,22,East
938,43,Central
939,37,East
940,28,East
941,19,South
942,45,North
943,42,East
944,33,West
945,57,North
946,22,West
947,18,West
948,26,North
949,34,North
950,37,West
951,32,South
952,39,Central
953,19,Central
954,52,South
955,34,North
956,48,West
957,39,Central
958,40,West
959,41,South
960,40,West
961,42,South
962,50,North
963,37,South
964,43,South
965,33,Central
966,52,West
967,26,Central
968,56,East
969,34,South
970,18,East
971,36,Central
972,26,West
973,45,Central
974,27,West
975,29,West
976,18,North
977,29,South
978,18,Central
979,18,West
980,44,Central
981,44,Central
982,40,West
983,23,East
984,34,South
985,34,South
986,21,North
987,53,North
988,45,North
989,32,South
990,35,East
991,37,South
992,18,South
993,32,South
994,26,South
995,22,East
996,31,North
997,56,Central
998,42,North
999,28,North
1000,41,Central
1001,51,South
1002,46,East
1003,35,East
1004,27,North
1005,43,Central
1006,39,West
1007,45,South
1008,42,North
1009,47,East
1010,28,Central
1011,50,Central
1012,37,North
1013,59,West
1014,26,East
1015,55,North
1016,37,West
1017,27,Central
1018,29,South
1019,31,East
1020,40,East
1021,41,West
1022,28,North
1023,34,Central
1024,60,West
1025,55,South
1026,40,South
1027,35,South
1028,36,West
1029,42,Central
1030,22,East
1031,31,North
1032,18,East
1033,39,Central
1034,42,East
1035,29,West
1036,53,South
1037,20,Central
1038,18,Central
1039,37,East
1040,47,West
1041,55,East
1042,29,East
1043,47,Central
1044,34,East
1045,32,South
1046,45,East
1047,42,South
1048,18,Central
1049,52,West
1050,51,South
1051,27,West
1052,39,West
1053,40,South
1054,38,Central
1055,28,North
1056,26,West
1057,34,West
1058,49,Central
1059,41,Central
1060,30,East
1061,44,Central
1062,18,West
1063,48,South
1064,18,North
1065,30,East
1066,21,South
1067,19,North
1068,48,North
1069,29,North
1070,39,South
1071,34,East
1072,40,East
1073,35,North
1074,19,South
1075,46,North
1076,29,Central
1077,18,East
1078,29,West
1079,53,North
1080,45,Central
1081,30,East
1082,30,South
1083,31,East
1084,59,South
1085,39,South
1086,40,North
1087,47,North
1088,37,East
1089,31,Central
1090,32,East
1091,34,West
1092,34,South
1093,43,South
1094,35,North
1095,43,Central
1096,34,North
1097,35,West
1098,18,East
1099,45,East
1100,39,Central
1101,46,North
1102,18,North
1103,60,West
1104,33,East
1105,48,North
1106,22,Central
1107,42,East
1108,22,West
1109,27,Central
1110,57,South
1111,32,West
1112,37,Central
1113,45,North
1114,40,South
1115,36,West
1116,39,North
1117,63,South
1118,34,East
1119,37,North
1120,47,Central
1121,48,West
1122,49,South
1123,42,North
1124,21,East
1125,54,West
1126,21,West
1127,38,North
1128,25,East
1129,34,South
1130,38,North
1131,38,South
1132,40,West
1133,54,South
1134,40,East
1135,32,Central
1136,46,East
1137,49,South
1138,20,North
1139,42,West
1140,43,Central
1141,31,North
1142,51,North
1143,33,East
1144,36,South
1145,32,East
1146,35,South
1147,21,East
1148,18,North
1149,54,West
1150,24,South
1151,23,Central
1152,18,Central
1153,27,North
1154,19,East
1155,54,East
1156,47,North
1157,26,Central
1158,62,Central
1159,46,East
1160,31,South
1161,18,West
1162,62,South
1163,18,Central
1164,18,South
1165,47,West
1166,64,South
1167,51,South
1168,41,South
1169,42,South
1170,45,North
1171,44,Central
1172,38,West
1173,36,Central
1174,34,North
1175,25,North
1176,31,North
1177,18,North
1178,33,South
1179,23,Central
1180,21,East
1181,37,West
1182,51,North
1183,46,Central
1184,18,North
1185,23,North
1186,46,North
1187,23,North
1188,32,North
1189,41,West
1190,23,Central
1191,36,North
1192,18,North
1193,27,North
1194,38,North
1195,18,South
1196,40,South
1197,34,East
1198,41,North
1199,37,East
1200,51,West
1201,36,East
1202,29,Central
1203,36,South
1204,41,South
1205,35,North
1206,35,North
1207,26,West
1208,27,West
1209,18,Central
1210,55,North
1211,20,North
1212,26,West
1213,26,West
1214,45,West
1215,31,South
1216,49,East
1217,26,East
1218,38,North
1219,24,South
1220,60,West
1221,20,North
1222,38,South
1223,42,Central
1224,39,South
1225,32,North
1226,33,East
1227,35,West
1228,33,Central
1229,46,South
1230,61,North
1231,28,North
1232,18,West
1233,33,North
1234,65,North
1235,25,West
1236,54,Central
1237,55,East
1238,28,East
1239,41,South
1240,54,Central
1241,30,South
1242,32,East
1243,28,West
1244,22,North
1245,27,East
1246,20,Central
1247,35,East
1248,25,Central
1249,37,Central
1250,18,Central
1251,38,South
1252,45,West
1253,18,East
1254,39,West
1255,49,North
1256,20,East
1257,55,West
1258,40,West
1259,26,North
1260,34,Central
1261,41,East
1262,35,East
1263,41,North
1264,23,Central
1265,37,East
1266,18,East
1267,33,East
1268,24,Central
1269,26,North
1270,49,East
1271,48,West
1272,42,Central
1273,21,South
1274,31,North
1275,49,West
1276,36,East
1277,62,South
1278,39,North
1279,37,Central
1280,31,South
1281,36,South
1282,33,West
1283,43,North
1284,46,West
1285,25,West
1286,19,East
1287,18,Central
1288,41,South
1289,21,North
1290,18,Central
1291,39,Central
1292,64,North
1293,34,Central
1294,45,East
1295,35,Central
1296,33,East
1297,46,South
1298,31,South
1299,38,West
1300,38,East
1301,26,South
1302,46,Central
1303,32,North
1304,25,North
1305,41,East
1306,24,West
1307,35,Central
1308,34,East
1309,48,North
1310,40,East
1311,34,Central
1312,44,South
1313,51,Central
1314,41,South
1315,35,South
1316,19,South
1317,22,East
1318,31,North
1319,27,East
1320,32,North
1321,35,Central
1322,41,West
1323,34,Central
1324,40,East
1325,35,East
1326,18,North
1327,23,East
1328,33,South
1329,20,East
1330,42,North
1331,53,North
1332,49,South
1333,32,North
1334,52,West
1335,36,Central
1336,30,East
1337,27,West
1338,31,East
1339,30,West
1340,37,East
1341,36,South
1342,35,North
1343,40,North
1344,49,South
1345,46,West
1346,18,Central
1347,18,West
1348,46,North
1349,18,Central
1350,32,East
1351,20,Central
1352,18,West
1353,41,South
1354,44,East
1355,28,West
1356,18,East
1357,28,Central
1358,39,North
1359,18,West
1360,37,South
1361,34,Central
1362,41,West
1363,36,South
1364,23,West
1365,49,Central
1366,33,West
1367,34,East
1368,23,Central
1369,29,West
1370,24,North
1371,32,West
1372,55,East
1373,18,South
1374,18,South
1375,52,South
1376,32,North
1377,26,East
1378,47,Central
1379,27,South
1380,56,East
1381,43,West
1382,29,North
1383,60,East
1384,27,East
1385,43,Central
1386,38,East
1387,50,Central
1388,53,North
1389,35,North
1390,25,West
1391,40,Central
1392,26,Central
1393,59,South
1394,36,South
1395,30,West
1396,37,North
1397,18,South
1398,23,East
1399,49,North
1400,27,East
1401,22,Central
1402,41,North
1403,49,West
1404,43,Central
1405,46,Central
1406,25,East
1407,18,Central
1408,53,South
1409,31,North
1410,31,South
1411,50,East
1412,41,East
1413,40,North
1414,60,Central
1415,27,West
1416,46,East
1417,35,North
1418,38,West
1419,53,Central
1420,41,East
1421,41,North
1422,47,North
1423,30,North
1424,24,East
1425,22,West
1426,18,North
1427,59,Central
1428,21,North
1429,32,West
1430,31,East
1431,38,North
1432,44,North
1433,45,Central
1434,28,Central
1435,32,North
1436,38,North
1437,32,Central
1438,54,West
1439,40,South
1440,43,South
1441,42,North
1442,49,Central
1443,37,East
1444,19,East
1445,39,South
1446,27,West
1447,28,South
1448,42,North
1449,49,West
1450,35,East
1451,38,Central
1452,55,Central
1453,37,North
1454,66,South
1455,41,North
1456,18,Central
1457,44,East
1458,39,Central
1459,50,West
1460,43,Central
1461,33,Central
1462,20,West
1463,32,South
1464,24,Central
1465,28,North
1466,42,Central
1467,55,North
1468,39,West
1469,20,Central
1470,40,West
1471,49,West
1472,27,South
1473,33,Central
1474,35,North
1475,25,North
1476,42,Central
1477,33,South
1478,40,South
1479,24,South
1480,29,North
1481,43,West
1482,30,South
1483,55,North
1484,30,North
1485,37,West
1486,46,Central
1487,18,Central
1488,18,South
1489,18,South
1490,50,West
1491,28,South
1492,65,West
1493,28,North
1494,37,South
1495,53,North
1496,59,East
1497,59,West
1498,49,East
1499,47,South
1500,42,North
1501,44,South
1502,28,East
1503,25,South
1504,34,Central
1505,32,East
1506,29,South
1507,43,North
1508,46,South
1509,36,North
1510,52,Central
1511,21,South
1512,32,Central
1513,26,East
1514,18,North
1515,34,East
1516,33,North
1517,53,Central
1518,42,West
1519,22,South
1520,57,Central
1521,49,North
1522,41,North
1523,32,North
1524,23,North
1525,30,South
1526,48,East
1527,57,West
1528,53,South
1529,29,North
1530,21,South
1531,36,Central
1532,18,North
1533,38,West
1534,33,North
1535,29,West
1536,18,West
1537,41,East
1538,28,East
1539,20,South
1540,18,South
1541,34,West
1542,56,North
1543,54,Central
1544,29,Central
1545,27,North
1546,40,North
1547,23,East
1548,38,Central
1549,44,West
1550,49,South
1551,33,East
1552,32,Central
1553,24,North
1554,25,Central
1555,32,West
1556,39,East
1557,45,North
1558,25,West
1559,52,South
1560,31,East
1561,34,West
1562,26,West
1563,18,North
1564,45,South
1565,43,West
1566,31,East
1567,35,West
1568,41,Central
1569,18,East
1570,28,East
1571,44,West
1572,19,North
1573,38,East
1574,18,Central
1575,40,North
1576,34,North
1577,18,North
1578,48,East
1579,26,North
1580,25,West
1581,37,North
1582,48,Central
1583,22,South
1584,35,Central
1585,40,East
1586,43,North
1587,37,North
1588,30,West
1589,25,North
1590,36,Central
1591,22,East
1592,18,South
1593,40,North
1594,45,South
1595,18,North
1596,22,East
1597,42,Central
1598,59,East
1599,35,South
1600,26,North
1601,32,South
1602,51,Central
1603,27,East
1604,25,South
1605,29,South
1606,23,Central
1607,36,North
1608,54,South
1609,38,Central
1610,31,North
1611,31,North
1612,18,East
1613,45,Central
1614,34,North
1615,32,East
1616,73,West
1617,38,Central
1618,25,West
1619,29,North
1620,48,Central
1621,36,East
1622,18,North
1623,46,Central
1624,26,Central
1625,57,West
1626,47,North
1627,29,East
1628,50,East
1629,35,North
1630,45,North
1631,40,South
1632,24,West
1633,27,North
1634,47,North
1635,30,South
1636,30,South
1637,23,Central
1638,40,East
1639,59,West
1640,22,Central
1641,35,North
1642,51,South
1643,34,East
1644,40,Central
1645,22,East
1646,40,South
1647,32,Central
1648,46,Central
1649,49,East
1650,66,South
1651,41,North
1652,38,Central
1653,37,North
1654,30,South
1655,39,Central
1656,31,Central
1657,37,North
1658,50,West
1659,22,North
1660,48,North
1661,50,West
1662,33,South
1663,18,South
1664,27,Central
1665,50,East
1666,34,East
1667,23,Central
1668,28,East
1669,45,North
1670,41,North
1671,32,West
1672,30,West
1673,30,Central
1674,23,Central
1675,54,Central
1676,31,North
1677,49,East
1678,53,Central
1679,46,Central
1680,29,North
1681,39,North
1682,34,North
1683,24,East
1684,38,Central
1685,20,South
1686,49,South
1687,29,Central
1688,37,Central
1689,38,Central
1690,31,Central
1691,42,East
1692,29,South
1693,45,West
1694,18,South
1695,36,South
1696,58,North
1697,22,Central
1698,26,Central
1699,41,Central
1700,37,North
1701,39,East
1702,40,East
1703,42,West
1704,48,East
1705,39,East
1706,32,Central
1707,43,South
1708,57,East
1709,33,East
1710,23,North
1711,48,West
1712,33,North
1713,18,Central
1714,45,South
1715,28,West
1716,33,North
1717,38,East
1718,37,East
1719,43,West
1720,29,East
1721,41,North
1722,31,North
1723,43,East
1724,42,East
1725,23,Central
1726,48,South
1727,28,West
1728,44,North
1729,39,West
1730,57,Central
1731,32,North
1732,30,Central
1733,34,Central
1734,31,East
1735,44,West
1736,18,West
1737,22,East
1738,22,West
1739,46,East
1740,55,North
1741,33,Central
1742,32,Central
1743,35,West
1744,48,South
1745,23,Central
1746,37,East
1747,46,South
1748,41,South
1749,37,Central
1750,47,Central
1751,18,Central
1752,43,East
1753,27,South
1754,18,West
1755,41,East
1756,51,North
1757,33,Central
1758,46,South
1759,54,East
1760,50,North
1761,54,East
1762,43,East
1763,35,West
1764,18,West
1765,32,East
1766,24,North
1767,61,South
1768,32,South
1769,36,Central
1770,41,Central
1771,35,South
1772,55,East
1773,27,East
1774,37,West
1775,26,West
1776,19,Central
1777,27,South
1778,34,East
1779,29,South
1780,26,North
1781,18,South
1782,34,North
1783,18,West
1784,44,West
1785,35,Central
1786,18,South
1787,31,South
1788,25,North
1789,38,West
1790,51,North
1791,18,West
1792,36,North
1793,33,West
1794,43,North
1795,37,West
1796,25,North
1797,31,South
1798,25,Central
1799,47,North
1800,35,Central
1801,57,South
1802,34,South
1803,26,West
1804,18,Central
1805,18,East
1806,18,West
1807,38,Central
1808,41,North
1809,18,North
1810,45,South
1811,29,East
1812,36,North
1813,54,Central
1814,45,Central
1815,31,North
1816,24,Central
1817,18,Central
1818,26,South
1819,32,East
1820,23,South
1821,33,East
1822,35,Central
1823,32,East
1824,27,Central
1825,37,Central
1826,40,South
1827,21,South
1828,51,West
1829,33,North
1830,35,West
1831,43,West
1832,37,East
1833,46,Central
1834,38,Central
1835,27,Central
1836,39,North
1837,21,East
1838,36,East
1839,34,Central
1840,32,West
1841,33,North
1842,18,West
1843,28,South
1844,36,East
1845,36,East
1846,22,West
1847,50,North
1848,24,East
1849,46,West
1850,40,North
1851,27,West
1852,56,North
1853,20,Central
1854,46,North
1855,47,South
1856,26,Central
1857,51,West
1858,31,Central
1859,38,Central
1860,38,West
1861,33,West
1862,44,South
1863,44,West
1864,18,East
1865,50,East
1866,18,South
1867,47,North
1868,48,North
1869,21,East
1870,30,West
1871,21,South
1872,32,North
1873,31,North
1874,44,Central
1875,50,East
1876,51,West
1877,28,South
1878,32,North
1879,18,Central
1880,25,East
1881,46,East
1882,54,South
1883,20,North
1884,27,South
1885,34,South
1886,38,Central
1887,25,East
1888,40,West
1889,29,East
1890,34,East
1891,41,Central
1892,35,West
1893,29,North
1894,33,West
1895,33,North
1896,30,West
1897,31,South
1898,54,West
1899,41,Central
1900,31,North
1901,43,East
1902,30,Central
1903,49,North
1904,39,North
1905,33,East
1906,40,South
1907,18,Central
1908,21,East
1909,20,East
1910,36,South
1911,55,Central
1912,61,East
1913,42,South
1914,41,Central
1915,18,West
1916,28,North
1917,25,South
1918,27,North
1919,32,West
1920,29,East
1921,18,East
1922,43,Central
1923,22,South
1924,37,South
1925,59,Central
1926,23,North
1927,18,East
1928,31,East
1929,48,South
1930,58,South
1931,20,Central
1932,40,West
1933,29,North
1934,33,West
1935,66,West
1936,18,South
1937,38,South
1938,40,South
1939,48,West
1940,36,North
1941,38,South
1942,30,East
1943,38,North
1944,30,East
1945,42,North
1946,30,South
1947,39,Central
1948,34,South
1949,48,West
1950,34,West
1951,18,North
1952,50,West
1953,24,South
1954,27,East
1955,27,South
1956,51,North
1957,18,West
1958,72,East
1959,47,Central
1960,37,East
1961,34,East
1962,38,South
1963,41,Central
1964,42,North
1965,41,North
1966,36,East
1967,32,East
1968,33,West
1969,32,Central
1970,48,East
1971,42,West
1972,18,Central
1973,42,North
1974,37,West
1975,34,Central
1976,30,West
1977,48,East
1978,46,South
1979,25,North
1980,39,East
1981,23,East
1982,18,Central
1983,27,West
1984,45,North
1985,46,East
1986,41,Central
1987,43,North
1988,41,West
1989,27,East
1990,40,East
1991,44,East
1992,44,North
1993,49,North
1994,43,North
1995,39,North
1996,47,Central
1997,34,South
1998,24,Central
1999,33,East
2000,26,Central
2001,26,West
2002,33,North
2003,25,West
2004,31,West
2005,18,East
2006,37,North
2007,35,West
2008,25,East
2009,42,North
2010,46,South
2011,18,East
2012,25,Central
2013,25,North
2014,23,West
2015,44,West
2016,32,Central
2017,31,Central
2018,18,West
2019,42,North
2020,20,East
2021,35,Central
2022,38,Central
2023,51,Central
2024,19,South
2025,18,North
2026,37,North
2027,56,North
2028,49,North
2029,37,North
2030,29,West
2031,44,Central
2032,23,West
2033,40,South
2034,41,East
2035,47,Central
2036,68,South
2037,39,West
2038,28,East
2039,34,South
2040,18,East
2041,26,South
2042,30,West
2043,28,East
2044,36,South
2045,25,West
2046,48,Central
2047,35,West
2048,34,West
2049,31,Central
2050,36,West
2051,44,Central
2052,24,Central
2053,27,Central
2054,31,South
2055,18,East
2056,25,South
2057,29,Central
2058,45,East
2059,38,East
2060,37,Central
2061,45,East
2062,33,East
2063,39,South
2064,33,East
2065,38,Central
2066,28,North
2067,18,North
2068,33,North
2069,52,Central
2070,46,North
2071,46,South
2072,49,Central
2073,36,Central
2074,37,Central
2075,27,East
2076,31,East
2077,42,East
2078,49,West
2079,33,South
2080,29,Central
2081,35,Central
2082,42,East
2083,18,Central
2084,18,Central
2085,28,North
2086,20,Central
2087,28,West
2088,33,East
2089,29,South
2090,52,South
2091,38,North
2092,38,South
2093,42,South
2094,21,East
2095,47,East
2096,34,West
2097,43,North
2098,22,South
2099,18,West
2100,44,North
2101,39,South
2102,24,South
2103,24,East
2104,48,Central
2105,20,North
2106,54,South
2107,24,North
2108,42,West
2109,31,West
2110,42,Central
2111,28,South
2112,33,East
2113,35,South
2114,22,North
2115,43,West
2116,28,North
2117,32,Central
2118,23,West
2119,18,East
2120,32,West
2121,63,South
2122,44,South
2123,34,West
2124,31,Central
2125,35,South
2126,41,South
2127,20,East
2128,48,West
2129,43,South
2130,43,Central
2131,40,North
2132,35,West
2133,43,East
2134,42,South
2135,30,Central
2136,28,West
2137,36,Central
2138,53,Central
2139,20,East
2140,18,West
2141,36,South
2142,35,East
2143,37,South
2144,37,North
2145,32,Central
2146,52,North
2147,18,Central
2148,25,East
2149,33,South
2150,18,South
2151,32,East
2152,54,West
2153,35,North
2154,37,North
2155,19,South
2156,27,South
2157,30,South
2158,31,East
2159,50,West
2160,41,North
2161,21,Central
2162,37,East
2163,40,North
2164,48,West
2165,53,East
2166,22,North
2167,25,East
2168,19,North
2169,32,North
2170,40,West
2171,46,Central
2172,34,West
2173,31,North
2174,36,East
2175,24,West
2176,60,Central
2177,18,North
2178,37,West
2179,59,West
2180,35,West
2181,32,West
2182,30,East
2183,32,Central
2184,51,Central
2185,18,North
2186,53,South
2187,18,East
2188,31,North
2189,29,North
2190,42,West
2191,18,South
2192,40,South
2193,59,East
2194,18,South
2195,37,North
2196,27,South
2197,40,South
2198,35,Central
2199,27,North
2200,40,South
2201,56,South
2202,32,West
2203,43,South
2204,19,South
2205,23,Central
2206,40,North
2207,52,East
2208,39,North
2209,31,West
2210,34,North
2211,19,South
2212,42,West
2213,45,North
2214,29,West
2215,29,East
2216,38,North
2217,29,South
2218,34,West
2219,60,Central
2220,32,West
2221,30,Central
2222,27,South
2223,43,East
2224,32,Central
2225,27,East
2226,50,West
2227,52,South
2228,27,Central
2229,18,West
2230,47,North
2231,26,West
2232,44,East
2233,18,South
2234,45,South
2235,20,West
2236,43,North
2237,35,East
2238,23,West
2239,30,West
2240,43,South
2241,36,East
2242,42,North
2243,58,South
2244,18,West
2245,54,South
2246,36,South
2247,24,Central
2248,19,South
2249,32,South
2250,46,East
2251,33,South
2252,53,North
2253,18,West
2254,34,East
2255,19,South
2256,39,North
2257,45,West
2258,29,East
2259,18,North
2260,37,South
2261,40,Central
2262,39,Central
2263,49,East
2264,22,North
2265,43,West
2266,49,North
2267,18,Central
2268,38,East
2269,28,South
2270,34,North
2271,39,Central
2272,29,West
2273,26,East
2274,35,South
2275,21,North
2276,21,West
2277,43,South
2278,21,Central
2279,42,Central
2280,40,West
2281,18,Central
2282,26,East
2283,49,West
2284,23,Central
2285,29,North
2286,40,Central
2287,44,East
2288,31,South
2289,27,South
2290,52,Central
2291,55,South
2292,46,Central
2293,36,East
2294,25,South
2295,25,North
2296,41,Central
2297,40,South
2298,51,East
2299,42,East
2300,18,North
2301,47,East
2302,23,East
2303,30,South
2304,38,Central
2305,58,West
2306,72,East
2307,42,East
2308,32,West
2309,41,East
2310,45,South
2311,31,South
2312,56,West
2313,37,East
2314,40,East
2315,42,Central
2316,40,East
2317,45,South
2318,27,North
2319,28,North
2320,21,North
2321,40,North
2322,44,East
2323,40,East
2324,55,Central
2325,34,East
2326,43,North
2327,21,West
2328,30,West
2329,43,South
2330,45,South
2331,31,East
2332,34,West
2333,18,North
2334,30,North
2335,45,North
2336,41,East
2337,41,East
2338,35,Central
2339,35,North
2340,27,North
2341,43,East
2342,40,East
2343,40,Central
2344,28,Central
2345,18,South
2346,48,West
2347,29,North
2348,24,North
2349,43,Central
2350,30,Central
2351,47,South
2352,42,West
2353,43,South
2354,18,West
2355,49,North
2356,38,South
2357,30,Central
2358,36,South
2359,18,South
2360,39,North
2361,22,Central
2362,18,Central
2363,18,East
2364,48,East
2365,27,East
2366,53,North
2367,28,South
2368,18,Central
2369,21,Central
2370,49,South
2371,33,Central
2372,28,South
2373,36,North
2374,41,North
2375,48,North
2376,52,South
2377,30,South
2378,19,West
2379,30,Central
2380,38,Central
2381,23,West
2382,23,West
2383,39,North
2384,34,West
2385,35,South
2386,25,East
2387,32,South
2388,23,West
2389,45,Central
2390,47,South
2391,18,Central
2392,23,South
2393,18,Central
2394,27,South
2395,33,Central
2396,18,East
2397,23,North
2398,22,South
2399,37,East
2400,35,North
2401,26,South
2402,37,East
2403,28,East
2404,31,East
2405,55,West
2406,51,Central
2407,19,North
2408,44,Central
2409,44,Central
2410,21,Central
2411,44,East
2412,53,Central
2413,21,West
2414,23,South
2415,47,East
2416,38,North
2417,41,South
2418,39,South
2419,39,South
2420,19,Central
2421,47,Central
2422,49,East
2423,32,Central
2424,34,Central
2425,18,Central
2426,41,East
2427,41,East
2428,34,West
2429,48,West
2430,30,West
2431,41,West
2432,22,South
2433,34,South
2434,32,West
2435,37,West
2436,30,North
2437,33,South
2438,44,North
2439,29,North
2440,18,Central
2441,55,East
2442,51,South
2443,19,West
2444,43,West
2445,28,East
2446,38,South
2447,38,West
2448,32,West
2449,25,Central
2450,26,North
2451,24,West
2452,25,South
2453,34,East
2454,26,Central
2455,43,South
2456,52,Central
2457,28,North
2458,37,West
2459,40,South
2460,40,East
2461,35,North
2462,43,North
2463,40,Central
2464,20,North
2465,45,South
2466,45,Central
2467,25,North
2468,35,East
2469,43,South
2470,32,East
2471,47,East
2472,63,Central
2473,25,West
2474,18,Central
2475,38,South
2476,43,South
2477,32,Central
2478,52,West
2479,18,Central
2480,43,South
2481,27,West
2482,55,South
2483,58,West
2484,25,West
2485,28,Central
2486,45,Central
2487,30,Central
2488,34,West
2489,35,West
2490,18,South
2491,34,East
2492,26,Central
2493,29,South
2494,52,South
2495,19,North
2496,44,Central
2497,31,South
2498,31,North
2499,44,Central
2500,39,West
2501,41,North
2502,46,West
2503,31,East
2504,27,East
2505,21,East
2506,25,East
2507,70,South
2508,49,East
2509,18,South
2510,19,South
2511,40,Central
2512,41,South
2513,41,South
2514,31,East
2515,33,South
2516,38,West
2517,36,East
2518,18,North
2519,32,East
2520,24,South
2521,37,West
2522,70,East
2523,39,West
2524,31,North
2525,46,North
2526,40,Central
2527,40,Central
2528,42,East
2529,59,Central
2530,21,West
2531,40,Central
2532,23,West
2533,41,Central
2534,23,Central
2535,29,Central
2536,31,South
2537,46,South
2538,46,Central
2539,20,West
2540,35,East
2541,26,North
2542,19,South
2543,32,Central
2544,31,North
2545,64,South
2546,40,East
2547,18,West
2548,28,Central
2549,47,East
2550,60,South
2551,18,Central
2552,18,North
2553,57,West
2554,39,South
2555,24,West
2556,41,Central
2557,18,East
2558,35,West
2559,38,North
2560,46,South
2561,22,North
2562,36,West
2563,23,East
2564,38,East
2565,24,North
2566,30,Central
2567,23,Central
2568,42,East
2569,45,North
2570,32,North
2571,35,North
2572,18,West
2573,31,Central
2574,34,Central
2575,66,West
2576,21,South
2577,52,West
2578,46,North
2579,38,West
2580,56,North
2581,39,East
2582,39,North
2583,34,Central
2584,49,West
2585,48,North
2586,27,South
2587,19,East
2588,32,South
2589,25,South
2590,34,South
2591,49,East
2592,29,East
2593,34,East
2594,35,East
2595,45,South
2596,18,Central
2597,27,Central
2598,37,East
2599,49,West
2600,29,North
2601,18,West
2602,42,West
2603,27,West
2604,20,Central
2605,27,North
2606,32,West
2607,27,East
2608,18,Central
2609,45,East
2610,50,East
2611,42,West
2612,21,East
2613,32,North
2614,34,East
2615,42,West
2616,43,East
2617,26,Central
2618,35,Central
2619,40,Central
2620,52,South
2621,43,Central
2622,44,Central
2623,36,South
2624,51,Central
2625,39,West
2626,24,Central
2627,51,Central
2628,43,South
2629,29,West
2630,29,East
2631,38,North
2632,40,West
2633,37,East
2634,38,West
2635,55,East
2636,47,East
2637,37,West
2638,46,South
2639,22,West
2640,39,West
2641,56,East
2642,32,North
2643,24,East
2644,27,Central
2645,21,West
2646,25,West
2647,30,South
2648,18,East
2649,35,South
2650,45,West
2651,24,East
2652,53,East
2653,41,Central
2654,47,Central
2655,27,North
2656,45,Central
2657,21,East
2658,45,Central
2659,37,North
2660,41,West
2661,20,Central
2662,24,East
2663,42,West
2664,23,East
2665,40,West
2666,18,East
2667,45,Central
2668,20,Central
2669,41,North
2670,42,West
2671,26,North
2672,41,South
2673,38,Central
2674,28,West
2675,22,North
2676,18,North
2677,39,South
2678,18,North
2679,36,East
2680,31,Central
2681,43,North
2682,31,North
2683,31,South
2684,43,East
2685,39,North
2686,38,Central
2687,40,Central
2688,18,North
2689,44,East
2690,42,Central
2691,22,Central
2692,32,East
2693,34,East
2694,33,North
2695,39,West
2696,52,South
2697,47,West
2698,19,West
2699,42,Central
2700,50,East
2701,39,Central
2702,48,South
2703,59,North
2704,47,South
2705,37,Central
2706,47,Central
2707,36,Central
2708,35,Central
2709,30,West
2710,53,North
2711,25,West
2712,53,Central
2713,40,East
2714,18,West
2715,39,Central
2716,18,Central
2717,42,North
2718,45,South
2719,27,West
2720,36,West
2721,58,West
2722,28,Central
2723,22,North
2724,52,Central
2725,58,Central
2726,35,East
2727,47,North
2728,51,West
2729,26,South
2730,29,West
2731,49,Central
2732,55,North
2733,41,North
2734,24,North
2735,58,East
2736,28,West
2737,30,East
2738,39,South
2739,53,Central
2740,45,East
2741,39,East
2742,40,Central
2743,35,North
2744,41,Central
2745,18,West
2746,31,Central
2747,37,North
2748,21,Central
2749,39,East
2750,32,South
2751,56,East
2752,53,South
2753,29,Central
2754,33,West
2755,34,Central
2756,29,North
2757,37,Central
2758,25,South
2759,21,East
2760,42,West
2761,42,Central
2762,25,Central
2763,45,East
2764,27,West
2765,38,Central
2766,44,Central
2767,34,South
2768,40,South
2769,28,North
2770,32,East
2771,32,West
2772,26,Central
2773,32,Central
2774,18,North
2775,29,Central
2776,31,East
2777,31,North
2778,32,East
2779,34,North
2780,40,Central
2781,45,North
2782,27,South
2783,20,West
2784,22,Central
2785,29,West
2786,30,Central
2787,25,West
2788,19,South
2789,29,West
2790,37,North
2791,42,West
2792,28,Central
2793,30,East
2794,23,West
2795,34,West
2796,24,West
2797,41,Central
2798,18,West
2799,30,Central
2800,38,Central
2801,37,East
2802,67,North
2803,39,Central
2804,22,South
2805,33,West
2806,18,South
2807,34,West
2808,25,East
2809,45,Central
2810,28,North
2811,33,Central
2812,27,West
2813,55,North
2814,31,Central
2815,56,North
2816,44,West
2817,40,East
2818,39,East
2819,39,Central
2820,18,South
2821,31,West
2822,45,Central
2823,34,Central
2824,18,East
2825,34,North
2826,55,West
2827,49,North
2828,34,West
2829,46,South
2830,30,East
2831,18,South
2832,23,Central
2833,53,East
2834,31,Central
2835,32,South
2836,31,West
2837,57,Central
2838,54,North
2839,61,West
2840,33,West
2841,38,South
2842,18,South
2843,52,East
2844,20,East
2845,37,North
2846,21,West
2847,27,North
2848,24,North
2849,27,South
2850,28,North
2851,28,North
2852,45,Central
2853,21,East
2854,37,East
2855,49,West
2856,28,East
2857,26,West
2858,32,Central
2859,49,East
2860,37,Central
2861,28,East
2862,40,East
2863,21,Central
2864,43,North
2865,39,North
2866,31,North
2867,24,North
2868,24,East
2869,41,South
2870,49,Central
2871,27,South
2872,40,South
2873,18,West
2874,27,North
2875,34,East
2876,24,North
2877,23,North
2878,26,South
2879,38,West
2880,32,North
2881,18,Central
2882,18,Central
2883,27,North
2884,40,South
2885,18,South
2886,29,East
2887,28,West
2888,51,South
2889,30,East
2890,39,Central
2891,36,Central
2892,18,Central
2893,44,North
2894,37,West
2895,41,East
2896,80,West
2897,18,North
2898,55,East
2899,31,East
2900,38,South
2901,34,West
2902,29,West
2903,28,South
2904,38,Central
2905,18,North
2906,44,West
2907,30,South
2908,21,East
2909,29,South
2910,50,Central
2911,28,North
2912,39,Central
2913,26,East
2914,44,East
2915,43,East
2916,57,East
2917,32,South
2918,43,East
2919,36,East
2920,50,South
2921,26,East
2922,43,Central
2923,32,Central
2924,34,West
2925,36,Central
2926,38,North
2927,33,North
2928,37,North
2929,53,South
2930,46,Central
2931,45,North
2932,29,West
2933,24,South
2934,46,West
2935,45,Central
2936,52,East
2937,27,West
2938,32,East
2939,18,South
2940,30,West
2941,46,West
2942,29,South
2943,42,South
2944,32,North
2945,38,Central
2946,21,West
2947,36,West
2948,18,South
2949,32,South
2950,18,Central
2951,49,South
2952,44,East
2953,40,East
2954,53,East
2955,23,East
2956,55,Central
2957,46,West
2958,32,East
2959,48,South
2960,21,East
2961,25,Central
2962,27,South
2963,28,East
2964,22,West
2965,49,South
2966,31,South
2967,39,West
2968,28,South
2969,18,East
2970,38,South
2971,18,East
2972,34,West
2973,18,North
2974,58,West
2975,45,East
2976,36,Central
2977,50,West
2978,24,Central
2979,41,Central
2980,37,East
2981,38,East
2982,50,North
2983,43,South
2984,38,West
2985,18,East
2986,23,West
2987,33,Central
2988,36,South
2989,21,North
2990,63,West
2991,53,South
2992,42,North
2993,35,West
2994,32,South
2995,23,East
2996,35,West
2997,38,South
2998,20,North
2999,39,South
3000,33,East
3001,18,West
3002,24,West
3003,30,West
3004,57,East
3005,41,North
3006,18,West
3007,40,North
3008,18,South
3009,47,North
3010,29,North
3011,33,West
3012,50,Central
3013,19,Central
3014,18,East
3015,27,East
3016,47,Central
3017,18,South
3018,18,West
3019,29,West
3020,41,South
3021,49,South
3022,29,Central
3023,30,East
3024,48,South
3025,18,East
3026,30,North
3027,37,West
3028,40,Central
3029,28,West
3030,35,Central
3031,18,North
3032,27,West
3033,40,North
3034,23,Central
3035,35,South
3036,40,West
3037,30,North
3038,37,West
3039,23,West
3040,32,West
3041,42,East
3042,36,North
3043,27,North
3044,37,West
3045,43,South
3046,18,West
3047,48,East
3048,30,Central
3049,40,East
3050,49,South
3051,18,West
3052,26,North
3053,31,West
3054,25,South
3055,55,North
3056,24,East
3057,28,Central
3058,37,Central
3059,20,West
3060,30,East
3061,38,South
3062,31,Central
3063,33,East
3064,28,West
3065,18,North
3066,38,West
3067,56,West
3068,35,East
3069,37,Central
3070,43,East
3071,19,North
3072,55,East
3073,37,South
3074,54,West
3075,26,Central
3076,56,North
3077,44,West
3078,41,East
3079,37,South
3080,32,East
3081,49,West
3082,36,North
3083,18,Central
3084,21,West
3085,32,North
3086,38,West
3087,34,South
3088,49,East
3089,18,Central
3090,36,North
3091,18,Central
3092,44,Central
3093,33,Central
3094,40,North
3095,24,North
3096,50,Central
3097,47,East
3098,42,West
3099,33,Central
3100,41,South
3101,26,Central
3102,45,North
3103,54,West
3104,47,South
3105,26,West
3106,39,West
3107,19,South
3108,41,Central
3109,40,Central
3110,18,Central
3111,21,East
3112,31,Central
3113,31,South
3114,20,East
3115,39,Central
3116,38,East
3117,32,South
3118,25,Central
3119,47,North
3120,54,South
3121,29,West
3122,27,West
3123,40,South
3124,30,West
3125,33,South
3126,43,North
3127,18,South
3128,50,Central
3129,35,Central
3130,30,East
3131,33,West
3132,34,West
3133,18,South
3134,52,West
3135,35,Central
3136,40,North
3137,46,South
3138,22,West
3139,40,Central
3140,31,East
3141,45,West
3142,18,North
3143,33,North
3144,27,West
3145,40,West
3146,40,Central
3147,26,West
3148,26,East
3149,33,Central
3150,24,South
3151,45,East
3152,30,Central
3153,18,Central
3154,30,North
3155,22,Central
3156,18,East
3157,20,West
3158,36,East
3159,50,South
3160,38,Central
3161,27,Central
3162,40,Central
3163,29,Central
3164,26,North
3165,21,North
3166,18,West
3167,30,Central
3168,36,South
3169,33,West
3170,30,Central
3171,23,North
3172,42,South
3173,19,West
3174,44,South
3175,22,Central
3176,25,East
3177,18,South
3178,28,South
3179,46,North
3180,41,Central
3181,46,South
3182,41,Central
3183,21,North
3184,31,Central
3185,25,North
3186,50,North
3187,20,West
3188,45,Central
3189,45,East
3190,56,West
3191,30,North
3192,43,East
3193,62,South
3194,27,South
3195,18,West
3196,18,East
3197,43,Central
3198,18,East
3199,30,West
3200,40,Central
3201,37,Central
3202,40,South
3203,37,East
3204,50,Central
3205,23,West
3206,26,South
3207,25,Central
3208,44,East
3209,45,South
3210,40,East
3211,49,East
3212,20,East
3213,55,South
3214,53,Central
3215,43,North
3216,56,Central
3217,18,South
3218,28,North
3219,26,North
3220,43,North
3221,22,West
3222,44,South
3223,51,West
3224,43,North
3225,38,West
3226,23,West
3227,24,South
3228,49,East
3229,44,West
3230,34,West
3231,29,North
3232,18,North
3233,22,North
3234,57,Central
3235,19,West
3236,37,North
3237,47,South
3238,19,Central
3239,37,East
3240,46,West
3241,35,West
3242,69,South
3243,18,East
3244,47,East
3245,32,Central
3246,44,West
3247,40,North
3248,26,South
3249,37,South
3250,18,South
3251,42,South
3252,38,North
3253,42,North
3254,47,Central
3255,39,West
3256,36,North
3257,24,Central
3258,26,East
3259,49,West
3260,52,North
3261,32,East
3262,35,Central
3263,24,North
3264,49,North
3265,42,East
3266,58,North
3267,24,South
3268,30,North
3269,37,West
3270,42,East
3271,32,West
3272,24,Central
3273,45,West
3274,43,South
3275,24,South
3276,51,West
3277,49,Central
3278,36,North
3279,35,South
3280,41,West
3281,24,West
3282,35,West
3283,18,North
3284,45,East
3285,18,Central
3286,53,East
3287,31,Central
3288,32,Central
3289,27,West
3290,31,South
3291,52,West
3292,18,North
3293,50,Central
3294,39,South
3295,20,Central
3296,22,Central
3297,55,West
3298,23,South
3299,21,South
3300,48,Central
3301,39,South
3302,23,South
3303,37,West
3304,22,East
3305,48,North
3306,47,East
3307,41,South
3308,39,Central
3309,56,North
3310,34,North
3311,20,Central
3312,40,North
3313,60,Central
3314,22,North
3315,30,East
3316,39,North
3317,34,West
3318,23,Central
3319,48,North
3320,62,Central
3321,37,West
3322,24,North
3323,18,North
3324,38,West
3325,48,West
3326,40,West
3327,34,Central
3328,27,West
3329,21,Central
3330,45,East
3331,45,North
3332,18,North
3333,54,South
3334,41,East
3335,51,West
3336,18,West
3337,18,East
3338,33,West
3339,41,South
3340,56,Central
3341,43,North
3342,32,East
3343,22,North
3344,49,Central
3345,23,East
3346,54,Central
3347,31,West
3348,54,West
3349,43,West
3350,33,Central
3351,28,Central
3352,30,Central
3353,40,North
3354,35,Central
3355,27,West
3356,33,South
3357,35,Central
3358,18,South
3359,40,West
3360,23,Central
3361,21,North
3362,18,North
3363,18,South
3364,18,North
3365,26,North
3366,58,North
3367,28,West
3368,37,North
3369,39,East
3370,36,Central
3371,34,North
3372,20,North
3373,52,North
3374,56,East
3375,18,North
3376,22,North
3377,31,Central
3378,23,East
3379,41,East
3380,26,North
3381,60,East
3382,49,South
3383,37,East
3384,47,East
3385,48,East
3386,28,West
3387,25,West
3388,35,West
3389,45,East
3390,36,South
3391,18,East
3392,25,North
3393,34,South
3394,34,West
3395,58,Central
3396,18,South
3397,41,West
3398,52,South
3399,62,South
3400,30,East
3401,40,North
3402,41,Central
3403,37,West
3404,33,South
3405,40,Central
3406,18,South
3407,43,North
3408,36,Central
3409,32,West
3410,59,South
3411,26,North
3412,30,Central
3413,58,South
3414,25,South
3415,28,West
3416,33,North
3417,45,East
3418,37,South
3419,19,Central
3420,28,West
3421,27,West
3422,34,South
3423,40,South
3424,40,South
3425,18,East
3426,47,South
3427,38,North
3428,51,Central
3429,40,South
3430,48,East
3431,40,Central
3432,51,West
3433,41,South
3434,33,Central
3435,62,West
3436,45,East
3437,41,North
3438,19,South
3439,19,North
3440,38,East
3441,36,Central
3442,27,Central
3443,36,East
3444,54,East
3445,43,South
3446,21,West
3447,33,North
3448,25,North
3449,30,Central
3450,30,Central
3451,29,South
3452,19,East
3453,33,North
3454,28,South
3455,18,Central
3456,59,Central
3457,48,North
3458,30,Central
3459,35,Central
3460,20,West
3461,55,East
3462,57,Central
3463,36,West
3464,47,South
3465,37,Central
3466,18,South
3467,30,Central
3468,36,North
3469,29,West
3470,32,West
3471,33,North
3472,34,East
3473,35,West
3474,22,South
3475,26,West
3476,19,East
3477,46,South
3478,18,South
3479,48,North
3480,51,Central
3481,31,North
3482,18,Central
3483,30,North
3484,34,Central
3485,22,West
3486,28,South
3487,53,Central
3488,42,West
3489,23,East
3490,18,North
3491,31,East
3492,32,West
3493,40,East
3494,28,East
3495,41,West
3496,58,South
3497,44,Central
3498,34,North
3499,32,Central
3500,30,North
3501,49,Central
3502,27,East
3503,35,South
3504,35,East
3505,28,South
3506,18,West
3507,38,North
3508,34,North
3509,41,West
3510,28,Central
3511,49,West
3512,24,West
3513,55,South
3514,18,West
3515,40,North
3516,40,East
3517,25,South
3518,40,South
3519,50,Central
3520,18,East
3521,41,South
3522,18,West
3523,23,South
3524,54,South
3525,28,South
3526,20,Central
3527,32,South
3528,59,South
3529,18,Central
3530,22,East
3531,52,North
3532,57,Central
3533,33,Central
3534,20,South
3535,60,South
3536,54,North
3537,43,South
3538,25,West
3539,34,South
3540,33,South
3541,38,West
3542,52,North
3543,45,West
3544,22,Central
3545,51,West
3546,38,East
3547,43,Central
3548,52,South
3549,21,Central
3550,34,North
3551,28,North
3552,18,West
3553,39,Central
3554,65,South
3555,18,North
3556,34,South
3557,42,East
3558,36,North
3559,33,West
3560,19,East
3561,37,Central
3562,25,South
3563,18,North
3564,49,East
3565,46,East
3566,35,North
3567,37,Central
3568,47,Central
3569,37,West
3570,45,Central
3571,31,West
3572,50,East
3573,38,North
3574,37,Central
3575,19,West
3576,38,East
3577,25,Central
3578,27,South
3579,25,East
3580,22,Central
3581,60,East
3582,50,North
3583,58,North
3584,20,North
3585,35,South
3586,19,North
3587,26,South
3588,23,North
3589,49,East
3590,30,Central
3591,47,Central
3592,42,North
3593,62,Central
3594,18,North
3595,50,North
3596,48,West
3597,23,West
3598,47,West
3599,39,South
3600,32,West
3601,25,North
3602,26,East
3603,59,West
3604,35,West
3605,44,East
3606,25,North
3607,25,South
3608,47,West
3609,18,East
3610,30,North
3611,35,Central
3612,36,South
3613,32,East
3614,39,East
3615,43,East
3616,43,West
3617,23,Central
3618,31,South
3619,49,North
3620,45,North
3621,18,Central
3622,39,East
3623,18,East
3624,35,East
3625,57,East
3626,23,East
3627,24,Central
3628,44,West
3629,18,South
3630,27,East
3631,42,West
3632,27,North
3633,32,Central
3634,43,West
3635,40,East
3636,38,East
3637,30,East
3638,39,West
3639,33,East
3640,40,West
3641,29,East
3642,32,North
3643,23,North
3644,34,South
3645,25,East
3646,21,East
3647,38,West
3648,37,West
3649,44,East
3650,29,South
3651,39,East
3652,41,West
3653,40,East
3654,25,West
3655,36,East
3656,39,Central
3657,35,West
3658,18,South
3659,36,Central
3660,61,East
3661,30,West
3662,26,Central
3663,39,South
3664,38,West
3665,49,Central
3666,19,Central
3667,43,Central
3668,42,North
3669,33,East
3670,39,West
3671,47,West
3672,45,West
3673,21,Central
3674,44,East
3675,34,South
3676,35,West
3677,35,East
3678,33,East
3679,49,North
3680,33,West
3681,21,Central
3682,30,East
3683,37,East
3684,49,South
3685,42,North
3686,24,East
3687,64,East
3688,38,Central
3689,50,Central
3690,33,South
3691,41,South
3692,45,South
3693,49,Central
3694,47,Central
3695,45,North
3696,31,West
3697,28,West
3698,38,North
3699,46,West
3700,32,Central
3701,47,West
3702,52,Central
3703,24,North
3704,24,South
3705,33,North
3706,38,West
3707,28,Central
3708,51,West
3709,40,West
3710,35,South
3711,18,West
3712,19,South
3713,38,Central
3714,18,Central
3715,47,South
3716,33,North
3717,73,Central
3718,62,North
3719,32,Central
3720,33,Central
3721,46,East
3722,55,West
3723,18,West
3724,18,North
3725,27,West
3726,41,North
3727,40,Central
3728,47,East
3729,20,East
3730,18,Central
3731,45,South
3732,25,South
3733,18,West
3734,36,North
3735,44,East
3736,33,West
3737,29,Central
3738,33,East
3739,30,North
3740,18,North
3741,26,South
3742,41,West
3743,38,Central
3744,37,East
3745,23,North
3746,32,East
3747,18,Central
3748,37,East
3749,52,West
3750,18,South
3751,27,East
3752,38,South
3753,50,Central
3754,29,South
3755,26,East
3756,18,East
3757,36,North
3758,59,East
3759,38,South
3760,34,North
3761,38,East
3762,34,East
3763,25,Central
3764,44,North
3765,37,Central
3766,35,Central
3767,23,Central
3768,50,West
3769,42,Central
3770,28,South
3771,47,East
3772,29,West
3773,25,Central
3774,25,East
3775,18,North
3776,40,North
3777,18,East
3778,20,South
3779,18,East
3780,33,East
3781,33,West
3782,31,North
3783,22,North
3784,20,Central
3785,40,East
3786,28,East
3787,38,South
3788,24,North
3789,37,South
3790,50,West
3791,42,Central
3792,30,South
3793,38,North
3794,32,West
3795,35,East
3796,31,West
3797,33,South
3798,37,North
3799,23,South
3800,22,East
3801,18,East
3802,18,North
3803,20,Central
3804,36,West
3805,24,West
3806,41,East
3807,35,South
3808,18,South
3809,42,Central
3810,44,South
3811,23,West
3812,40,South
3813,24,Central
3814,36,West
3815,19,South
3816,18,West
3817,30,East
3818,33,East
3819,30,East
3820,20,South
3821,30,Central
3822,38,West
3823,34,North
3824,37,East
3825,26,East
3826,49,North
3827,20,North
3828,40,South
3829,49,West
3830,40,East
3831,32,Central
3832,28,South
3833,47,South
3834,18,Central
3835,23,Central
3836,30,Central
3837,49,North
3838,39,East
3839,23,North
3840,31,East
3841,27,North
3842,26,West
3843,46,East
3844,18,South
3845,54,East
3846,44,East
3847,48,East
3848,29,West
3849,33,North
3850,18,South
3851,28,North
3852,40,North
3853,50,Central
3854,21,West
3855,30,Central
3856,33,West
3857,18,North
3858,42,North
3859,26,West
3860,32,North
3861,29,North
3862,25,South
3863,34,Central
3864,32,Central
3865,30,Central
3866,26,East
3867,38,South
3868,54,Central
3869,36,Central
3870,46,South
3871,18,North
3872,36,Central
3873,21,North
3874,18,Central
3875,26,West
3876,49,East
3877,46,Central
3878,37,West
3879,18,South
3880,32,West
3881,38,South
3882,37,Central
3883,18,South
3884,24,West
3885,34,East
3886,41,North
3887,18,North
3888,33,East
3889,36,North
3890,45,Central
3891,43,Central
3892,41,West
3893,25,West
3894,18,South
3895,30,West
3896,47,Central
3897,51,West
3898,43,North
3899,40,South
3900,39,South
3901,28,Central
3902,33,West
3903,55,North
3904,23,West
3905,54,East
3906,31,West
3907,50,Central
3908,18,West
3909,42,South
3910,26,North
3911,18,Central
3912,37,East
3913,47,North
3914,24,North
3915,18,South
3916,33,South
3917,33,South
3918,41,Central
3919,46,West
3920,34,North
3921,57,West
3922,37,West
3923,30,South
3924,18,West
3925,31,North
3926,30,North
3927,46,East
3928,40,Central
3929,20,West
3930,37,Central
3931,43,Central
3932,53,Central
3933,45,Central
3934,44,North
3935,35,West
3936,39,East
3937,49,Central
3938,19,East
3939,30,North
3940,25,North
3941,39,South
3942,49,Central
3943,27,South
3944,18,East
3945,30,West
3946,45,South
3947,41,North
3948,40,Central
3949,31,East
3950,19,North
3951,41,West
3952,24,Central
3953,61,West
3954,41,West
3955,28,Central
3956,27,Central
3957,33,West
3958,32,East
3959,48,Central
3960,37,North
3961,26,South
3962,57,East
3963,35,Central
3964,44,Central
3965,27,East
3966,39,South
3967,38,West
3968,18,North
3969,59,Central
3970,50,South
3971,30,North
3972,21,East
3973,39,Central
3974,36,West
3975,39,East
3976,37,Central
3977,41,South
3978,52,North
3979,41,North
3980,22,Central
3981,51,East
3982,54,West
3983,72,South
3984,21,Central
3985,37,South
3986,18,North
3987,41,West
3988,28,South
3989,58,Central
3990,25,West
3991,18,East
3992,29,Central
3993,18,South
3994,44,West
3995,18,Central
3996,35,West
3997,18,West
3998,31,West
3999,54,South
4000,39,Central
4001,24,North
4002,34,North
4003,35,South
4004,40,South
4005,18,West
4006,42,Central
4007,18,Central
4008,27,East
4009,29,East
4010,42,North
4011,35,East
4012,18,East
4013,23,North
4014,37,North
4015,34,East
4016,28,Central
4017,29,East
4018,43,West
4019,28,West
4020,33,West
4021,61,South
4022,18,West
4023,18,Central
4024,44,South
4025,26,South
4026,31,West
4027,25,East
4028,31,North
4029,54,East
4030,44,East
4031,45,South
4032,18,South
4033,21,South
4034,18,Central
4035,25,Central
4036,46,North
4037,41,South
4038,32,West
4039,34,South
4040,26,Central
4041,37,South
4042,44,Central
4043,18,South
4044,38,West
4045,46,North
4046,30,West
4047,43,Central
4048,68,East
4049,33,West
4050,39,South
4051,26,North
4052,37,South
4053,40,South
4054,37,West
4055,22,North
4056,37,East
4057,52,South
4058,40,North
4059,46,East
4060,32,South
4061,43,North
4062,38,West
4063,23,South
4064,38,South
4065,23,North
4066,27,South
4067,37,East
4068,38,South
4069,20,Central
4070,47,East
4071,41,North
4072,26,East
4073,18,Central
4074,33,Central
4075,29,South
4076,36,South
4077,30,West
4078,18,East
4079,30,West
4080,31,Central
4081,42,South
4082,26,South
4083,55,South
4084,18,North
4085,50,Central
4086,32,South
4087,45,Central
4088,35,South
4089,48,East
4090,30,Central
4091,21,West
4092,52,North
4093,33,West
4094,37,Central
4095,49,South
4096,22,Central
4097,42,North
4098,27,Central
4099,33,South
4100,35,West
4101,18,East
4102,25,West
4103,51,South
4104,45,South
4105,34,North
4106,37,Central
4107,31,Central
4108,51,West
4109,32,East
4110,37,East
4111,48,North
4112,25,South
4113,53,North
4114,18,Central
4115,54,South
4116,30,North
4117,32,West
4118,18,Central
4119,29,East
4120,22,North
4121,27,Central
4122,33,Central
4123,46,East
4124,37,East
4125,38,East
4126,21,North
4127,24,East
4128,56,West
4129,26,Central
4130,54,East
4131,32,Central
4132,35,South
4133,47,South
4134,50,East
4135,33,Central
4136,30,South
4137,34,East
4138,39,Central
4139,45,East
4140,35,Central
4141,42,South
4142,54,East
4143,39,South
4144,38,East
4145,18,North
4146,18,South
4147,39,South
4148,33,West
4149,28,South
4150,37,Central
4151,34,East
4152,48,North
4153,36,Central
4154,26,Central
4155,46,Central
4156,32,Central
4157,41,North
4158,29,West
4159,27,South
4160,36,Central
4161,35,South
4162,40,South
4163,31,Central
4164,18,West
4165,29,South
4166,44,East
4167,31,South
4168,32,Central
4169,46,North
4170,26,South
4171,18,West
4172,33,East
4173,29,East
4174,23,North
4175,32,North
4176,40,South
4177,34,Central
4178,38,West
4179,56,East
4180,30,North
4181,38,West
4182,28,Central
4183,24,East
4184,27,East
4185,29,Central
4186,39,East
4187,63,Central
4188,26,East
4189,30,South
4190,34,Central
4191,39,West
4192,38,South
4193,50,West
4194,18,East
4195,18,West
4196,29,South
4197,48,Central
4198,18,North
4199,18,West
4200,41,North
4201,37,West
4202,21,West
4203,23,Central
4204,23,East
4205,36,South
4206,27,South
4207,40,South
4208,18,East
4209,24,North
4210,21,South
4211,31,North
4212,28,East
4213,44,East
4214,18,Central
4215,35,South
4216,41,Central
4217,57,South
4218,29,East
4219,38,East
4220,18,West
4221,18,West
4222,45,East
4223,34,East
4224,49,North
4225,18,North
4226,41,Central
4227,57,West
4228,40,West
4229,38,East
4230,35,East
4231,18,Central
4232,51,West
4233,27,North
4234,41,South
4235,18,Central
4236,20,South
4237,52,North
4238,30,North
4239,52,South
4240,34,Central
4241,18,South
4242,45,Central
4243,27,Central
4244,43,East
4245,35,West
4246,18,West
4247,36,North
4248,61,East
4249,40,West
4250,34,Central
4251,47,Central
4252,37,South
4253,37,South
4254,21,Central
4255,37,Central
4256,47,South
4257,24,West
4258,52,North
4259,33,South
4260,24,West
4261,46,West
4262,31,West
4263,44,East
4264,31,East
4265,34,West
4266,40,Central
4267,38,East
4268,18,South
4269,21,East
4270,46,Central
4271,33,North
4272,28,East
4273,18,West
4274,22,West
4275,18,West
4276,33,North
4277,27,Central
4278,23,South
4279,34,Central
4280,39,North
4281,60,West
4282,18,Central
4283,48,South
4284,46,West
4285,25,South
4286,37,East
4287,29,South
4288,37,West
4289,53,East
4290,42,West
4291,41,West
4292,29,East
4293,18,South
4294,32,North
4295,49,North
4296,18,North
4297,22,North
4298,36,Central
4299,23,North
4300,25,East
4301,29,North
4302,18,West
4303,23,North
4304,43,South
4305,19,East
4306,18,East
4307,27,Central
4308,43,West
4309,32,East
4310,29,South
4311,35,North
4312,18,East
4313,40,South
4314,39,North
4315,30,Central
4316,47,East
4317,21,East
4318,48,South
4319,36,West
4320,30,Central
4321,34,West
4322,33,East
4323,49,West
4324,22,North
4325,25,Central
4326,47,West
4327,27,North
4328,45,South
4329,55,West
4330,30,Central
4331,43,North
4332,21,West
4333,44,South
4334,37,West
4335,40,North
4336,27,West
4337,18,Central
4338,41,East
4339,18,North
4340,31,North
4341,46,North
4342,37,North
4343,58,West
4344,47,Central
4345,27,South
4346,35,Central
4347,34,North
4348,18,West
4349,23,West
4350,28,North
4351,18,West
4352,35,North
4353,32,Central
4354,18,East
4355,39,West
4356,43,North
4357,37,North
4358,31,West
4359,42,South
4360,43,North
4361,38,West
4362,25,North
4363,38,South
4364,49,East
4365,27,South
4366,60,Central
4367,28,West
4368,35,South
4369,26,East
4370,37,North
4371,18,West
4372,28,South
4373,21,East
4374,36,South
4375,46,Central
4376,42,West
4377,18,North
4378,59,East
4379,38,South
4380,25,West
4381,36,South
4382,37,West
4383,26,Central
4384,37,South
4385,27,Central
4386,30,East
4387,26,Central
4388,18,West
4389,36,East
4390,42,South
4391,41,South
4392,44,West
4393,38,North
4394,28,North
4395,45,South
4396,18,West
4397,24,North
4398,23,Central
4399,47,South
4400,46,Central
4401,40,West
4402,47,Central
4403,24,North
4404,39,North
4405,33,East
4406,45,South
4407,33,West
4408,30,South
4409,41,Central
4410,45,West
4411,26,West
4412,34,North
4413,22,Central
4414,18,North
4415,37,North
4416,42,East
4417,38,North
4418,18,South
4419,30,West
4420,18,North
4421,51,South
4422,21,Central
4423,50,West
4424,46,Central
4425,24,South
4426,21,Central
4427,39,Central
4428,24,Central
4429,36,North
4430,29,North
4431,18,North
4432,18,West
4433,37,South
4434,28,North
4435,28,Central
4436,43,Central
4437,49,Central
4438,31,Central
4439,30,East
4440,41,West
4441,18,South
4442,37,South
4443,41,North
4444,43,East
4445,18,South
4446,25,West
4447,24,Central
4448,36,North
4449,40,West
4450,52,South
4451,29,East
4452,29,North
4453,48,South
4454,38,North
4455,50,South
4456,38,Central
4457,21,East
4458,19,Central
4459,18,South
4460,42,West
4461,49,Central
4462,57,West
4463,45,South
4464,48,East
4465,28,West
4466,21,South
4467,45,West
4468,40,Central
4469,36,South
4470,39,Central
4471,38,North
4472,50,South
4473,50,West
4474,41,North
4475,45,Central
4476,41,Central
4477,29,West
4478,44,North
4479,18,East
4480,47,West
4481,20,Central
4482,38,South
4483,24,North
4484,41,East
4485,34,South
4486,18,North
4487,40,West
4488,28,West
4489,45,North
4490,35,East
4491,39,North
4492,23,South
4493,27,South
4494,29,West
4495,45,North
4496,55,West
4497,25,East
4498,47,South
4499,18,Central
4500,20,Central
4501,23,North
4502,18,North
4503,18,Central
4504,39,North
4505,32,South
4506,39,East
4507,43,East
4508,38,West
4509,42,South
4510,34,North
4511,20,North
4512,47,West
4513,27,West
4514,23,North
4515,32,North
4516,24,South
4517,29,West
4518,39,South
4519,39,North
4520,24,Central
4521,29,Central
4522,47,North
4523,40,West
4524,59,Central
4525,49,West
4526,48,Central
4527,18,West
4528,44,Central
4529,34,West
4530,28,South
4531,37,West
4532,46,South
4533,41,South
4534,24,North
4535,43,South
4536,27,East
4537,37,South
4538,31,West
4539,32,South
4540,44,West
4541,22,West
4542,58,East
4543,18,South
4544,27,South
4545,39,Central
4546,42,Central
4547,33,North
4548,34,West
4549,39,East
4550,32,Central
4551,51,South
4552,45,North
4553,45,East
4554,23,South
4555,34,South
4556,31,West
4557,22,West
4558,39,Central
4559,28,Central
4560,42,South
4561,22,South
4562,55,Central
4563,24,Central
4564,37,South
4565,44,East
4566,28,South
4567,45,East
4568,20,East
4569,52,South
4570,35,North
4571,27,Central
4572,31,West
4573,44,South
4574,27,East
4575,26,South
4576,32,Central
4577,20,East
4578,56,West
4579,28,West
4580,44,West
4581,37,North
4582,23,East
4583,34,East
4584,44,North
4585,32,East
4586,49,North
4587,47,South
4588,46,Central
4589,29,West
4590,22,North
4591,27,North
4592,37,North
4593,41,South
4594,18,North
4595,34,Central
4596,36,Central
4597,31,West
4598,50,South
4599,40,Central
4600,50,East
4601,32,East
4602,46,East
4603,54,North
4604,50,North
4605,21,East
4606,31,West
4607,30,West
4608,40,North
4609,43,East
4610,24,West
4611,35,North
4612,18,East
4613,52,South
4614,28,East
4615,35,East
4616,31,Central
4617,48,Central
4618,18,South
4619,34,South
4620,33,East
4621,29,West
4622,55,South
4623,24,East
4624,44,North
4625,39,Central
4626,50,West
4627,26,East
4628,26,North
4629,48,Central
4630,40,North
4631,18,East
4632,28,South
4633,39,Central
4634,45,North
4635,26,South
4636,18,West
4637,41,East
4638,20,East
4639,18,Central
4640,18,North
4641,44,West
4642,36,Central
4643,32,Central
4644,51,North
4645,42,West
4646,54,North
4647,18,East
4648,34,South
4649,18,East
4650,32,East
4651,32,Central
4652,42,East
4653,35,West
4654,42,East
4655,43,West
4656,60,North
4657,31,Central
4658,23,West
4659,37,East
4660,25,Central
4661,52,Central
4662,31,West
4663,28,West
4664,29,South
4665,43,South
4666,33,Central
4667,27,South
4668,54,East
4669,24,North
4670,35,Central
4671,42,North
4672,18,South
4673,40,West
4674,22,Central
4675,44,South
4676,23,East
4677,43,Central
4678,48,Central
4679,45,West
4680,38,Central
4681,32,West
4682,28,South
4683,52,East
4684,26,East
4685,22,Central
4686,42,Central
4687,25,South
4688,23,West
4689,18,East
4690,29,West
4691,34,South
4692,37,East
4693,46,East
4694,41,North
4695,32,South
4696,32,South
4697,41,North
4698,50,West
4699,36,North
4700,29,South
4701,23,West
4702,18,East
4703,42,North
4704,41,West
4705,41,West
4706,33,West
4707,51,North
4708,29,East
4709,46,West
4710,34,North
4711,27,South
4712,42,North
4713,39,North
4714,39,North
4715,35,West
4716,34,North
4717,63,South
4718,49,West
4719,43,South
4720,36,Central
4721,47,North
4722,41,West
4723,35,West
4724,31,North
4725,34,East
4726,18,East
4727,37,South
4728,29,North
4729,54,North
4730,35,Central
4731,20,East
4732,34,East
4733,22,North
4734,40,South
4735,38,North
4736,46,South
4737,25,East
4738,35,Central
4739,18,West
4740,43,East
4741,41,South
4742,40,North
4743,35,East
4744,39,Central
4745,54,South
4746,31,North
4747,36,West
4748,21,South
4749,24,North
4750,36,West
4751,48,North
4752,31,West
4753,32,West
4754,30,West
4755,28,North
4756,38,West
4757,18,South
4758,50,Central
4759,27,Central
4760,43,West
4761,19,Central
4762,43,Central
4763,43,West
4764,39,West
4765,23,South
4766,37,East
4767,20,North
4768,31,West
4769,47,West
4770,44,Central
4771,35,South
4772,23,Central
4773,42,West
4774,35,West
4775,18,Central
4776,44,West
4777,34,East
4778,49,North
4779,21,North
4780,18,North
4781,38,East
4782,38,West
4783,18,Central
4784,23,South
4785,68,West
4786,31,East
4787,43,East
4788,27,North
4789,18,West
4790,32,North
4791,31,South
4792,30,North
4793,33,South
4794,38,East
4795,33,North
4796,19,North
4797,40,Central
4798,18,East
4799,18,Central
4800,43,South
4801,41,South
4802,34,East
4803,18,South
4804,26,East
4805,31,South
4806,18,West
4807,26,North
4808,42,West
4809,52,East
4810,29,East
4811,44,West
4812,18,North
4813,42,North
4814,25,Central
4815,38,South
4816,32,Central
4817,50,North
4818,24,West
4819,42,South
4820,31,West
4821,33,Central
4822,32,East
4823,24,West
4824,34,Central
4825,34,Central
4826,37,Central
4827,36,East
4828,44,East
4829,46,East
4830,22,South
4831,45,East
4832,20,East
4833,42,East
4834,42,West
4835,18,East
4836,36,South
4837,29,Central
4838,25,West
4839,51,North
4840,27,East
4841,25,Central
4842,35,Central
4843,43,West
4844,33,North
4845,48,South
4846,41,Central
4847,18,Central
4848,28,Central
4849,28,Central
4850,40,West
4851,18,North
4852,65,Central
4853,41,South
4854,36,South
4855,49,East
4856,63,Central
4857,45,Central
4858,46,Central
4859,36,Central
4860,33,Central
4861,29,South
4862,25,North
4863,26,North
4864,18,East
4865,34,South
4866,18,Central
4867,37,North
4868,34,West
4869,36,West
4870,28,West
4871,71,Central
4872,51,Central
4873,20,East
4874,37,East
4875,27,East
4876,22,West
4877,18,Central
4878,40,West
4879,26,East
4880,46,Central
4881,46,South
4882,51,North
4883,24,North
4884,40,East
4885,42,West
4886,29,South
4887,25,Central
4888,54,West
4889,37,East
4890,42,West
4891,25,East
4892,20,North
4893,28,North
4894,33,West
4895,22,South
4896,34,Central
4897,18,East
4898,21,Central
4899,43,North
4900,42,South
4901,30,South
4902,22,Central
4903,22,North
4904,30,Central
4905,42,West
4906,46,South
4907,29,South
4908,21,West
4909,38,North
4910,25,South
4911,28,East
4912,50,East
4913,44,North
4914,36,West
4915,19,Central
4916,37,North
4917,47,Central
4918,30,North
4919,51,East
4920,50,West
4921,54,East
4922,38,West
4923,42,Central
4924,51,North
4925,40,South
4926,28,South
4927,29,West
4928,37,West
4929,19,East
4930,33,South
4931,48,East
4932,18,Central
4933,53,South
4934,48,Central
4935,29,North
4936,41,East
4937,35,West
4938,49,South
4939,46,East
4940,18,West
4941,42,North
4942,32,South
4943,35,Central
4944,26,North
4945,55,West
4946,47,South
4947,26,South
4948,18,North
4949,30,South
4950,40,West
4951,37,North
4952,50,Central
4953,44,North
4954,46,North
4955,38,Central
4956,18,West
4957,32,East
4958,47,East
4959,34,Central
4960,41,West
4961,31,South
4962,22,Central
4963,33,East
4964,38,West
4965,27,North
4966,32,West
4967,23,West
4968,48,East
4969,31,East
4970,52,South
4971,53,South
4972,34,Central
4973,22,North
4974,18,South
4975,18,East
4976,18,West
4977,51,Central
4978,36,South
4979,39,West
4980,18,West
4981,20,South
4982,45,North
4983,38,North
4984,33,Central
4985,41,North
4986,54,Central
4987,32,East
4988,35,South
4989,37,West
4990,63,Central
4991,18,North
4992,43,Central
4993,33,Central
4994,41,North
4995,27,North
4996,34,South
4997,43,West
4998,72,South
4999,44,South
5000,24,North
