customer_id,recency,frequency,monetary
1,2,15,8118.45
2,2,13,6384.6900000000005
3,67,8,2251.43
4,23,11,4932.07
5,11,12,4282.37
6,34,11,5163.62
7,80,8,4311.45
8,19,13,5610.25
9,31,13,7403.12
10,10,12,4235.23
11,20,11,5709.04
12,3,15,7075.38
13,73,14,7355.700000000001
14,31,13,7093.31
15,4,18,6852.62
16,40,9,4381.12
17,16,12,6438.860000000001
18,12,15,6372.95
19,17,12,4757.1
20,29,13,4672.87
21,28,15,7927.75
22,13,15,7733.46
23,29,15,8242.36
24,18,10,6135.84
25,7,14,7236.77
26,6,18,6545.6
27,41,13,6543.11
28,28,14,6197.5199999999995
29,0,10,4170.17
30,9,13,5420.87
31,24,14,6346.22
32,5,11,5272.89
33,141,7,2698.39
34,14,11,4673.75
35,4,10,2729.5099999999998
36,39,11,2911.59
37,39,14,5691.17
38,31,11,4530.25
39,27,10,4841.41
40,73,8,3729.15
41,5,17,9405.64
42,18,11,4546.74
43,10,13,6004.23
44,47,15,5856.889999999999
45,16,12,5843.64
46,59,11,3519.68
47,51,8,3890.24
48,16,14,4975.38
49,35,11,5255.06
50,15,18,5357.24
51,39,9,7233.97
52,38,10,5240.8099999999995
53,131,16,5654.719999999999
54,14,9,5016.13
55,10,12,7612.62
56,26,12,3999.58
57,5,15,9158.47
58,39,6,3709.8900000000003
59,41,15,4847.49
60,0,10,4961.2300000000005
61,1,15,6369.01
62,23,14,7273.68
63,42,10,6910.78
64,47,12,5832.13
65,40,11,4445.41
66,5,15,5421.8
67,6,16,7551.05
68,44,6,2523.26
69,11,11,4793.21
70,53,9,4012.81
71,5,10,4360.93
72,6,14,5133.71
73,0,13,6327.080000000001
74,74,16,5028.07
75,2,6,1407.94
76,69,14,5731.07
77,4,16,8379.52
78,40,14,6681.28
79,2,10,5489.72
80,45,11,6269.29
81,15,12,5805.52
82,19,10,5447.57
83,10,20,8400.23
84,60,9,4659.3
85,107,15,6572.69
86,0,14,6372.2
87,17,11,5055.87
88,35,11,4907.04
89,52,11,7387.25
90,12,13,5737.860000000001
91,33,8,2958.2799999999997
92,16,9,3471.4
93,147,8,1913.76
94,7,8,2775.09
95,17,7,2790.0699999999997
96,21,13,4639.83
97,21,16,9365.57
98,20,11,4936.4
99,44,14,7250.37
100,60,9,4742.68
101,17,13,5125.91
102,41,14,6873.7699999999995
103,67,11,3300.11
104,7,13,6636.95
105,18,13,5068.6
106,66,10,3990.5
107,8,17,5239.7
108,18,20,7509.57
109,24,8,5999.3
110,6,16,6636.64
111,5,16,8974.32
112,8,12,6506.58
113,189,9,4382.92
114,108,5,1999.33
115,108,8,1474.08
116,38,12,5899.83
117,48,10,3551.08
118,94,6,3553.81
119,1,11,2965.52
120,25,8,3567.24
121,46,15,7215.73
122,30,11,3350.39
123,39,19,6349.59
124,25,12,4818.52
125,34,8,5652.37
126,4,15,9082.49
127,3,9,4473.7
128,26,13,7355.57
129,19,16,6598.23
130,20,14,6235.05
131,31,14,5369.11
132,38,11,2734.97
133,30,15,5550.58
134,41,16,6734.51
135,48,9,3747.27
136,26,14,7363.4
137,1,7,1766.77
138,59,7,3289.59
139,8,15,7581.67
140,2,15,7044.15
141,6,11,5040.09
142,16,16,6089.900000000001
143,8,16,7578.0
144,17,14,6592.47
145,0,10,2086.67
146,6,13,4298.54
147,10,10,6099.39
148,0,13,5180.78
149,11,14,5138.51
150,47,15,7168.38
151,5,12,4330.65
152,45,8,3633.1
153,4,20,9948.39
154,38,12,7268.799999999999
155,21,14,5975.59
156,29,14,4855.94
157,51,11,7600.74
158,23,15,6609.24
159,66,11,5941.63
160,10,17,5255.53
161,69,12,6222.67
162,38,16,6273.34
163,56,10,3118.08
164,25,8,2653.75
165,24,14,7714.02
166,24,9,5048.64
167,3,13,5586.15
168,36,19,9930.33
169,34,16,8043.33
170,39,15,5464.15
171,4,9,3554.8500000000004
172,14,12,4518.55
173,27,13,7473.01
174,0,10,4317.64
175,17,12,5879.26
176,13,17,8523.24
177,39,15,4992.71
178,37,18,9535.09
179,14,13,6119.5
180,34,10,4515.38
181,79,8,3024.48
182,71,11,6101.08
183,18,13,5802.49
184,6,9,4919.01
185,1,11,6679.21
186,16,11,5770.3
187,80,10,3902.7799999999997
188,35,19,9716.56
189,11,14,3949.23
190,18,17,6937.0
191,6,8,3782.96
192,7,13,4533.03
193,30,17,6204.31
194,31,13,3951.95
195,43,14,5609.37
196,1,13,3512.82
197,9,12,5184.56
198,6,8,4186.99
199,21,15,6777.29
200,0,13,8564.880000000001
201,29,16,4534.75
202,19,11,6171.85
203,1,12,5333.7
204,17,10,5146.6
205,4,15,6201.13
206,51,17,7133.59
207,8,12,3323.38
208,30,12,5027.0
209,34,14,7684.79
210,23,13,3689.66
211,41,11,3464.93
212,20,13,7473.44
213,17,12,4644.1
214,15,19,4467.07
215,0,16,7994.6900000000005
216,11,16,7006.02
217,63,13,7852.89
218,11,13,3592.65
219,35,16,7192.94
220,76,11,5385.81
221,32,10,4265.86
222,61,9,4167.41
223,8,21,10733.17
224,27,15,6671.42
225,38,23,12678.220000000001
226,10,17,6485.31
227,63,8,5709.72
228,3,11,4616.5199999999995
229,4,18,7244.9
230,7,11,1987.54
231,2,22,8328.29
232,24,10,6532.88
233,7,15,9104.64
234,10,12,4930.82
235,112,9,4398.14
236,4,16,6972.79
237,16,14,6182.7699999999995
238,4,10,3407.59
239,20,10,4413.01
240,60,14,9141.24
241,54,11,3021.37
242,95,9,3229.9100000000003
243,81,13,5702.74
244,0,11,4873.28
245,5,22,8925.38
246,38,10,5782.66
247,28,10,5404.96
248,9,13,4941.26
249,143,7,1788.01
250,2,14,6100.38
251,20,7,3888.2000000000003
252,75,9,7140.54
253,2,12,4454.08
254,6,14,6360.27
255,8,15,5338.78
256,52,11,4436.51
257,29,12,4714.25
258,27,6,2122.56
259,15,19,7844.7
260,1,18,6016.43
261,17,16,5811.47
262,9,15,6644.16
263,33,12,4866.34
264,5,21,12226.27
265,3,8,3214.63
266,12,14,6648.63
267,34,18,9358.37
268,20,13,7186.55
269,1,15,5929.57
270,38,15,6434.92
271,77,11,4696.08
272,61,13,8209.64
273,3,13,3542.73
274,25,12,4773.31
275,50,9,4031.98
276,23,13,7223.929999999999
277,87,9,5293.53
278,5,20,7327.3
279,71,10,3984.35
280,18,17,8866.130000000001
281,14,17,9185.71
282,22,15,6948.38
283,41,16,7901.81
284,54,9,2981.87
285,27,19,6713.28
286,39,10,3758.54
287,136,8,3125.88
288,11,13,3978.07
289,24,17,5376.72
290,17,15,6849.92
291,13,16,11904.6
292,0,16,8371.45
293,7,14,6060.83
294,40,13,4024.05
295,88,12,4491.93
296,21,10,3703.12
297,19,16,9068.96
298,7,18,7195.22
299,66,6,2467.93
300,48,10,3481.37
301,45,13,3853.88
302,0,20,7201.51
303,35,15,6611.48
304,75,14,8047.78
305,52,10,4641.11
306,56,11,4810.04
307,10,16,8859.62
308,77,12,6422.9800000000005
309,10,12,5640.63
310,3,10,5173.03
311,9,9,6154.24
312,31,13,6421.6900000000005
313,17,12,6399.33
314,74,9,5511.42
315,11,12,7016.06
316,45,15,5111.5
317,4,14,6121.29
318,4,13,6148.93
319,18,11,7010.01
320,48,15,7166.18
321,34,5,2568.02
322,22,11,5504.59
323,44,15,7681.84
324,9,8,5148.43
325,18,12,7436.5
326,10,11,5354.21
327,25,10,5031.07
328,25,12,5366.54
329,14,9,1937.1299999999999
330,10,17,5051.96
331,6,12,6146.44
332,81,12,7032.4800000000005
333,3,19,9533.39
334,0,10,3433.7
335,67,10,3912.75
336,36,18,9644.86
337,0,8,4102.110000000001
338,20,14,7779.4400000000005
339,41,12,5009.95
340,110,13,5726.32
341,26,12,3803.17
342,20,13,6445.55
343,18,13,6874.52
344,95,12,8102.9400000000005
345,52,12,6533.92
346,4,15,5129.01
347,4,11,4526.8099999999995
348,7,10,4901.219999999999
349,13,16,5890.14
350,134,9,5670.72
351,33,11,3796.7
352,15,16,5537.45
353,20,8,2221.23
354,34,10,4086.56
355,11,13,5664.34
356,17,17,7597.74
357,131,8,1948.0900000000001
358,17,10,3746.5
359,47,11,3599.46
360,0,14,4866.02
361,8,16,5543.8
362,4,8,5097.2300000000005
363,32,14,5211.389999999999
364,110,12,4714.13
365,42,16,4593.51
366,53,13,3216.58
367,17,13,5435.5
368,0,13,7267.59
369,37,14,4552.96
370,0,13,7019.45
371,13,11,7554.11
372,3,9,2509.44
373,23,7,2286.39
374,75,9,3329.72
375,63,5,2817.04
376,21,14,6610.17
377,2,13,8557.1
378,21,14,5372.25
379,66,14,6806.280000000001
380,3,13,5335.13
381,38,11,4752.24
382,5,14,6858.97
383,35,9,4880.18
384,36,9,3720.33
385,31,16,8694.4
386,1,14,8882.46
387,2,15,6654.45
388,13,14,5647.78
389,29,13,4241.42
390,8,20,8656.13
391,140,8,4027.43
392,13,13,5672.610000000001
393,19,18,5733.4800000000005
394,12,16,7785.06
395,2,16,6254.25
396,20,9,2563.18
397,42,13,6006.17
398,26,9,3392.0
399,37,12,4552.79
400,15,11,4997.1900000000005
401,6,20,11498.61
402,12,8,3800.7
403,4,12,7985.23
404,4,11,5639.97
405,18,8,5686.94
406,10,10,3060.5
407,110,8,3595.77
408,58,15,7049.95
409,41,13,6702.54
410,17,8,5227.49
411,80,11,5132.08
412,8,12,4640.42
413,10,11,4881.48
414,36,12,4268.0599999999995
415,46,8,2623.19
416,12,11,4474.78
417,18,8,3680.94
418,1,12,4137.7
419,10,15,6234.07
420,17,17,8688.23
421,15,14,7457.93
422,9,7,4302.4400000000005
423,12,16,7861.7300000000005
424,11,11,5915.38
425,8,12,5615.74
426,9,14,6360.83
427,43,14,9006.75
428,4,10,3794.14
429,13,16,7146.32
430,38,16,6348.95
431,50,6,1528.27
432,3,13,6228.13
433,27,10,4907.46
434,5,8,2714.46
435,0,13,6675.759999999999
436,48,16,5841.0199999999995
437,39,8,2956.36
438,11,12,7874.23
439,59,7,3916.6899999999996
440,4,13,5924.5
441,37,12,5919.93
442,7,13,7852.88
443,3,14,5897.5
444,20,16,5052.44
445,14,17,6449.13
446,147,13,7783.43
447,9,12,7359.32
448,38,16,6482.0
449,36,20,7450.17
450,48,15,6002.9
451,40,17,9592.68
452,9,11,5155.01
453,119,14,8995.93
454,18,14,5854.110000000001
455,8,12,5927.59
456,24,14,6089.94
457,76,12,5085.26
458,59,11,4301.9
459,25,14,6418.639999999999
460,59,9,3859.89
461,0,16,6430.06
462,5,13,4611.83
463,46,10,3009.53
464,31,13,6655.16
465,4,19,9842.36
466,6,13,7315.62
467,4,14,4526.43
468,31,9,3482.16
469,8,16,5858.56
470,31,16,6103.51
471,7,14,7568.46
472,76,12,3575.47
473,7,9,4466.76
474,1,10,5085.7
475,9,15,5505.52
476,17,18,6650.58
477,41,13,7466.03
478,1,13,5915.84
479,4,14,5863.0599999999995
480,29,16,8212.92
481,7,14,3901.82
482,274,5,2580.69
483,27,17,8405.3
484,6,15,5164.15
485,10,11,4822.77
486,13,13,3509.77
487,26,13,5250.4
488,10,12,5181.849999999999
489,6,14,6409.12
490,2,15,7403.32
491,9,14,7756.29
492,35,15,5917.9
493,24,16,7463.68
494,41,14,3803.05
495,8,14,9110.95
496,30,17,7089.78
497,17,12,3395.26
498,26,13,4192.46
499,41,17,5296.74
500,138,11,5817.99
501,112,5,1727.95
502,33,10,3452.76
503,17,7,5402.9400000000005
504,123,6,2708.86
505,120,14,4908.67
506,33,8,3640.93
507,4,14,6103.46
508,3,11,5905.01
509,24,8,3235.31
510,33,9,6348.02
511,34,7,2719.87
512,76,11,4200.8099999999995
513,59,19,9986.32
514,25,18,9057.78
515,14,16,6035.51
516,0,13,5675.23
517,3,13,6399.41
518,4,13,6419.53
519,43,8,3601.23
520,4,11,4942.37
521,5,12,3871.82
522,15,10,4461.28
523,47,13,5436.92
524,6,14,7004.61
525,34,12,3635.95
526,28,14,5262.74
527,8,9,3308.2799999999997
528,12,16,7106.6
529,3,14,6127.81
530,45,11,4945.05
531,4,14,6744.67
532,0,16,6230.84
533,4,13,5001.64
534,5,11,4255.09
535,26,15,9830.26
536,24,17,8439.47
537,73,12,4165.18
538,14,10,4426.110000000001
539,14,9,4197.12
540,48,10,5834.37
541,27,11,4251.69
542,106,7,2729.2400000000002
543,14,13,5196.2300000000005
544,15,14,5963.7
545,22,9,3507.7999999999997
546,3,8,2814.2000000000003
547,23,16,5574.47
548,56,8,2364.85
549,32,11,3241.92
550,8,11,3800.31
551,80,14,5232.09
552,18,21,10608.73
553,11,10,5422.21
554,17,21,11070.77
555,3,21,6214.5
556,20,16,7027.38
557,67,13,4983.98
558,13,12,4118.0
559,22,8,1751.07
560,67,15,7546.33
561,10,11,4350.1900000000005
562,32,17,8249.6
563,21,8,4214.07
564,11,9,4424.2
565,45,11,5591.9
566,23,16,6475.860000000001
567,49,15,6726.29
568,26,17,6618.88
569,13,15,5480.03
570,4,10,3931.9
571,10,10,4924.65
572,2,14,6270.57
573,3,19,5984.26
574,14,13,4699.82
575,8,14,4959.83
576,16,12,4438.14
577,65,12,5510.61
578,25,20,7247.85
579,24,8,2961.81
580,39,11,4218.97
581,46,13,5964.11
582,1,8,3571.7
583,6,14,6296.97
584,45,15,8736.89
585,57,12,4226.8
586,81,15,5753.74
587,22,16,8016.56
588,29,9,3985.07
589,25,12,6391.91
590,16,8,2599.54
591,3,17,8880.380000000001
592,58,15,7566.79
593,14,12,7151.13
594,14,7,2696.56
595,36,12,5599.99
596,26,12,6344.78
597,18,20,7619.8
598,40,13,5208.8
599,29,13,5727.7300000000005
600,6,13,6983.5
601,11,19,10398.1
602,21,12,3701.6
603,0,18,9133.96
604,5,11,5472.35
605,13,20,10499.32
606,17,12,2805.38
607,11,18,6517.95
608,17,15,7483.0599999999995
609,25,9,2812.2599999999998
610,38,11,5349.8
611,90,14,4570.29
612,106,16,6970.99
613,10,9,3916.54
614,30,13,5023.42
615,34,12,4601.95
616,25,11,4467.72
617,19,9,3809.62
618,21,19,7651.38
619,85,9,5620.28
620,7,9,5105.780000000001
621,13,17,6073.79
622,4,15,8278.8
623,17,13,5743.67
624,121,7,4073.35
625,0,11,5424.56
626,10,14,6787.26
627,5,12,3336.27
628,62,14,5331.44
629,17,11,2888.9
630,57,13,7539.91
631,16,10,5158.77
632,50,16,6370.24
633,17,17,7243.75
634,9,11,4920.84
635,10,5,3637.7599999999998
636,18,15,7770.32
637,0,21,7667.06
638,8,11,5947.89
639,73,13,6212.25
640,1,10,5630.4400000000005
641,40,16,8315.6
642,30,18,6602.37
643,1,10,5692.23
644,42,10,4875.99
645,10,12,4971.51
646,99,16,4506.07
647,6,12,7090.24
648,85,9,4174.34
649,14,12,6145.67
650,0,12,5492.530000000001
651,5,8,4843.07
652,54,10,6682.81
653,59,10,4461.03
654,5,14,8134.6
655,11,18,5592.34
656,24,14,7932.32
657,15,16,6407.08
658,100,8,3010.02
659,17,8,5192.67
660,12,10,5525.57
661,12,13,8220.6
662,32,12,4675.21
663,35,10,3629.62
664,7,12,4927.86
665,4,16,7285.03
666,3,19,11415.9
667,63,10,4261.01
668,24,12,3474.96
669,6,18,5255.18
670,28,12,4989.6
671,85,11,5870.68
672,74,9,2721.17
673,65,10,5959.0
674,75,11,6566.53
675,80,8,6065.8099999999995
676,137,5,1385.0
677,6,20,11401.99
678,32,14,6041.22
679,4,15,6006.45
680,34,16,6254.17
681,5,16,8926.67
682,33,16,7750.1900000000005
683,3,7,1907.5700000000002
684,46,11,4465.4
685,21,14,4985.54
686,11,11,5603.12
687,5,19,8111.21
688,5,15,8084.81
689,77,9,2489.3
690,35,10,4807.28
691,2,16,7968.05
692,41,10,4303.34
693,11,16,6883.1900000000005
694,14,8,3717.38
695,21,8,4236.56
696,106,12,8270.65
697,28,8,2588.7200000000003
698,0,10,3163.35
699,11,13,5300.42
700,1,9,3905.39
701,51,18,6275.47
702,33,14,6827.53
703,17,25,10815.53
704,9,8,3812.25
705,22,11,6903.81
706,41,7,2931.37
707,6,15,8288.99
708,42,9,2061.14
709,19,11,7094.759999999999
710,20,14,6413.57
711,10,12,5126.5
712,11,13,4477.25
713,37,14,5552.26
714,44,11,4590.38
715,15,12,4509.25
716,29,13,3308.44
717,3,9,6155.95
718,28,17,7913.08
719,5,10,4590.67
720,119,8,3589.18
721,0,23,9966.37
722,0,13,6201.08
723,31,9,2769.79
724,52,12,6666.18
725,5,20,7915.92
726,14,11,4203.06
727,4,18,6614.69
728,4,11,3919.89
729,39,15,8716.11
730,3,6,2738.09
731,9,14,7179.13
732,29,12,5350.37
733,54,16,7814.27
734,27,23,10180.42
735,27,11,4364.88
736,28,17,10120.18
737,20,13,4825.35
738,8,15,7517.299999999999
739,20,14,4356.43
740,29,9,5024.64
741,22,16,7185.01
742,42,16,5621.24
743,40,8,2639.58
744,17,7,3163.7799999999997
745,7,10,5830.28
746,12,11,3400.33
747,10,15,6262.42
748,18,8,2263.95
749,4,10,3718.4300000000003
750,46,10,4595.97
751,13,10,2663.33
752,8,17,6924.95
753,9,17,6972.46
754,29,15,5888.01
755,65,3,1328.91
756,45,21,7494.57
757,46,11,5162.84
758,45,9,4038.35
759,11,13,6256.26
760,5,12,6797.53
761,55,7,3787.75
762,4,12,4486.29
763,29,18,5112.35
764,64,10,6075.469999999999
765,29,20,6210.43
766,65,9,3376.49
767,125,10,3206.13
768,14,13,6383.77
769,71,12,3760.29
770,20,13,5372.22
771,1,13,8208.69
772,17,14,8954.98
773,7,9,2640.06
774,18,10,4295.53
775,50,14,8435.1
776,25,11,3421.67
777,14,11,5760.389999999999
778,94,13,6197.1900000000005
779,17,17,5255.71
780,4,16,7789.62
781,35,11,3954.2200000000003
782,54,12,4558.08
783,27,16,4957.86
784,9,12,4373.139999999999
785,3,11,4523.91
786,1,16,5922.67
787,26,12,7694.96
788,106,9,3455.59
789,1,9,3983.61
790,41,16,5994.45
791,0,15,4774.95
792,10,5,3484.96
793,54,9,4352.08
794,3,11,5256.47
795,45,11,4702.17
796,51,8,3302.16
797,10,12,5683.3
798,9,16,6255.78
799,52,8,2439.9300000000003
800,33,11,6591.38
801,41,13,4839.2300000000005
802,12,7,3490.4399999999996
803,3,19,7797.0199999999995
804,15,18,9308.64
805,39,11,3128.5
806,14,21,11752.27
807,41,7,1922.42
808,4,15,5461.31
809,1,15,6675.13
810,29,8,4630.29
811,17,15,4929.1
812,130,8,3536.55
813,22,12,6262.77
814,4,13,5982.22
815,52,12,5744.17
816,0,23,11854.52
817,10,11,4178.49
818,4,10,4759.91
819,18,16,6666.25
820,94,10,5026.39
821,28,11,2965.77
822,11,11,6155.33
823,5,13,7039.09
824,32,17,6486.93
825,56,10,3562.86
826,51,6,1874.45
827,50,16,8363.74
828,69,14,6276.88
829,3,18,6751.56
830,24,17,6695.05
831,25,10,4668.24
832,8,12,4756.72
833,13,12,4385.24
834,50,9,4278.8
835,54,8,3986.5
836,31,11,4092.51
837,35,10,2297.0099999999998
838,18,20,7468.06
839,63,10,5656.87
840,7,10,5420.889999999999
841,12,11,4748.93
842,8,7,3465.5
843,0,17,8973.6
844,9,14,4909.7699999999995
845,14,14,4393.8
846,20,16,5301.88
847,17,10,4406.62
848,14,11,6152.5599999999995
849,28,12,7880.92
850,17,13,6804.43
851,22,15,6598.07
852,34,16,5937.33
853,21,13,4509.99
854,14,12,3458.84
855,56,17,7444.23
856,51,16,6184.29
857,17,11,3923.5699999999997
858,45,13,5183.36
859,47,9,7437.91
860,6,10,5143.64
861,10,11,4327.36
862,11,10,3079.07
863,8,17,4180.71
864,37,12,6713.06
865,23,15,6725.84
866,64,9,4477.83
867,17,14,5164.06
868,35,12,5851.219999999999
869,25,11,4225.29
870,3,17,7990.31
871,7,10,6495.96
872,7,14,4171.85
873,66,12,5061.75
874,3,14,5308.12
875,8,21,6544.39
876,8,11,6781.55
877,11,15,9388.56
878,34,17,8187.02
879,38,16,7427.25
880,2,9,2971.98
881,136,13,5388.57
882,3,12,5355.76
883,126,9,4300.18
884,56,9,2704.19
885,18,17,6372.59
886,10,17,6284.450000000001
887,31,10,3795.41
888,22,8,3026.64
889,22,11,4111.24
890,2,11,4730.7
891,22,6,4322.51
892,17,4,924.75
893,3,8,4980.9800000000005
894,73,11,4869.84
895,26,10,7146.79
896,6,15,4863.51
897,93,6,1475.6000000000001
898,7,18,7152.26
899,38,11,5209.51
900,11,12,5382.71
901,20,15,7130.2
902,20,7,2007.45
903,12,10,5840.09
904,8,10,3227.65
905,40,12,5517.26
906,21,17,8330.039999999999
907,121,9,3537.99
908,45,10,3882.33
909,4,12,8062.99
910,24,8,3464.3
911,30,13,5220.68
912,26,11,2458.0
913,9,7,3828.2
914,21,13,5289.3
915,49,15,5260.76
916,76,8,2993.72
917,0,16,7619.66
918,36,20,7536.77
919,22,13,5586.86
920,38,10,4955.64
921,16,16,7226.82
922,120,15,4946.19
923,6,8,2050.68
924,16,19,6931.76
925,9,15,6047.9
926,11,10,6859.75
927,10,15,5594.49
928,5,12,5475.44
929,11,8,2683.81
930,39,10,4585.22
931,111,8,2024.3600000000001
932,13,15,5153.46
933,29,14,7293.98
934,23,5,2705.54
935,20,12,4893.04
936,41,17,7846.35
937,68,8,3687.31
938,1,12,3467.36
939,42,16,6616.99
940,24,12,6190.11
941,13,17,8189.8
942,42,14,6002.93
943,21,14,5741.32
944,17,15,5395.27
945,3,14,3436.43
946,71,14,5843.64
947,2,13,4425.28
948,0,10,5014.09
949,54,13,4998.86
950,25,12,4834.8
951,26,15,10310.539999999999
952,3,14,6022.54
953,52,15,7687.77
954,77,9,3250.7799999999997
955,4,15,7884.82
956,5,10,3833.7200000000003
957,4,25,17044.52
958,38,16,6483.21
959,19,12,4080.35
960,13,16,6525.99
961,41,15,5988.24
962,3,15,10648.9
963,10,11,3336.51
964,12,15,5056.93
965,42,13,5869.29
966,0,12,6663.6900000000005
967,8,17,8381.73
968,6,22,12741.74
969,19,14,2785.06
970,47,12,6587.79
971,61,10,3681.44
972,41,13,5627.19
973,38,8,3657.15
974,8,17,7246.37
975,72,9,4012.85
976,11,7,1978.83
977,93,11,5664.21
978,30,9,3352.56
979,34,10,6248.04
980,12,13,6170.38
981,21,13,5610.65
982,90,17,4806.17
983,4,14,5633.44
984,101,11,4169.57
985,25,9,4714.99
986,25,12,2825.0099999999998
987,34,16,6703.83
988,10,18,8324.02
989,44,8,5533.13
990,35,18,8704.470000000001
991,61,11,6056.04
992,27,15,8590.67
993,100,13,5912.46
994,39,18,6318.5
995,54,9,3713.87
996,77,9,3001.47
997,116,8,4131.44
998,5,8,4811.68
999,8,13,8099.22
1000,3,8,4650.4400000000005
1001,2,13,4485.71
1002,18,9,3490.65
1003,13,12,5436.78
1004,5,16,4851.849999999999
1005,5,17,9890.16
1006,81,8,4630.93
1007,17,15,5746.55
1008,1,11,5138.04
1009,18,9,2641.5299999999997
1010,46,14,7534.01
1011,46,12,6283.07
1012,18,7,3486.7599999999998
1013,34,11,4622.35
1014,11,10,4454.76
1015,41,6,2030.73
1016,11,9,6246.77
1017,4,11,4928.42
1018,0,12,4106.02
1019,6,17,8286.13
1020,94,14,8430.41
1021,9,15,5644.21
1022,36,11,4682.21
1023,22,12,5980.110000000001
1024,10,18,7507.5
1025,26,11,3232.66
1026,75,14,7067.44
1027,116,15,4887.84
1028,5,10,2326.46
1029,33,10,6252.71
1030,31,16,7587.43
1031,43,6,3745.32
1032,39,10,4058.81
1033,30,14,8442.49
1034,5,12,3574.39
1035,34,10,3416.83
1036,7,12,5280.46
1037,29,11,3719.87
1038,45,15,3994.91
1039,47,11,6965.0199999999995
1040,23,12,4282.72
1041,58,11,3783.7200000000003
1042,0,22,10345.07
1043,4,16,7410.530000000001
1044,0,15,6102.24
1045,116,11,4062.83
1046,19,14,5958.99
1047,29,9,2171.44
1048,10,10,2914.67
1049,67,12,4071.68
1050,12,11,6050.82
1051,67,15,7019.4
1052,31,14,5599.5599999999995
1053,11,13,6179.43
1054,4,10,5030.43
1055,0,10,4800.05
1056,8,17,6380.96
1057,2,19,10038.97
1058,39,13,4429.69
1059,7,13,5557.900000000001
1060,38,14,5831.29
1061,13,17,6744.84
1062,10,19,10765.73
1063,4,7,2881.37
1064,2,13,5587.04
1065,17,12,7257.01
1066,3,12,3256.12
1067,31,9,4306.98
1068,9,14,5860.64
1069,30,14,4355.41
1070,7,14,4797.6900000000005
1071,35,8,3229.4
1072,12,9,4481.24
1073,30,11,5790.04
1074,14,18,7789.99
1075,16,15,8815.84
1076,30,12,5748.25
1077,10,10,4187.37
1078,15,10,4791.8099999999995
1079,10,16,4864.26
1080,33,16,9652.97
1081,4,16,8760.4
1082,26,9,4894.93
1083,4,8,3238.1099999999997
1084,10,13,4547.29
1085,19,13,6187.05
1086,44,10,4994.6
1087,1,17,7836.71
1088,18,13,5864.28
1089,14,12,3946.32
1090,4,18,7576.93
1091,3,11,5765.84
1092,11,18,7683.38
1093,38,12,4085.47
1094,27,16,6628.21
1095,8,17,6510.57
1096,65,7,1991.8200000000002
1097,29,13,3990.46
1098,69,12,4672.93
1099,2,19,9730.62
1100,25,8,3171.31
1101,6,11,4126.44
1102,7,11,6655.39
1103,10,14,4914.67
1104,11,8,3294.17
1105,5,11,3900.7200000000003
1106,32,18,8543.15
1107,30,7,1952.75
1108,25,23,11226.6
1109,89,5,1493.6799999999998
1110,3,7,2753.0699999999997
1111,49,11,5806.76
1112,65,11,4159.46
1113,49,11,5256.63
1114,24,13,5909.2
1115,13,13,5269.9
1116,35,8,3952.59
1117,4,19,7987.0
1118,58,16,11913.960000000001
1119,85,6,3775.58
1120,16,12,7266.82
1121,34,11,5800.25
1122,53,10,4502.93
1123,28,7,2192.7799999999997
1124,39,16,6104.22
1125,33,12,4580.52
1126,13,12,4256.04
1127,66,9,5312.42
1128,30,18,7141.91
1129,5,12,4752.38
1130,116,8,3340.74
1131,7,12,5469.68
1132,36,9,5241.53
1133,7,12,4415.2300000000005
1134,19,12,5040.030000000001
1135,4,8,4251.96
1136,14,15,5680.2
1137,17,12,4550.6
1138,22,7,3099.93
1139,142,12,4057.78
1140,5,14,8307.07
1141,11,9,4489.98
1142,3,10,4470.63
1143,62,8,2721.2799999999997
1144,30,11,4512.04
1145,14,14,7975.94
1146,29,12,6614.8099999999995
1147,22,9,4485.78
1148,54,14,7872.99
1149,70,10,4177.48
1150,7,13,7828.84
1151,54,11,5563.0599999999995
1152,10,8,4832.42
1153,6,16,7559.7
1154,18,15,5969.8
1155,67,13,8271.51
1156,18,13,5133.599999999999
1157,7,13,7080.97
1158,4,12,4973.88
1159,4,10,4131.97
1160,28,14,9356.0
1161,3,18,10323.77
1162,0,12,4336.08
1163,15,16,8474.91
1164,9,17,7269.52
1165,18,15,7109.18
1166,1,10,5100.78
1167,25,10,4336.17
1168,53,13,4728.41
1169,16,10,5053.66
1170,35,15,6184.19
1171,165,9,3400.02
1172,0,12,6070.49
1173,123,11,5470.67
1174,136,11,6069.69
1175,21,9,3027.7400000000002
1176,64,10,3630.55
1177,26,14,5292.55
1178,10,19,10407.6
1179,40,14,3548.0099999999998
1180,29,10,3563.7200000000003
1181,25,9,5089.39
1182,44,11,4093.44
1183,79,10,3977.46
1184,21,6,2447.09
1185,17,14,8680.039999999999
1186,24,7,2227.2
1187,12,18,8778.77
1188,27,13,4914.38
1189,12,15,4861.0
1190,5,11,3063.0099999999998
1191,51,14,5964.03
1192,87,7,5185.4
1193,55,12,5012.75
1194,13,12,5598.93
1195,15,21,8614.25
1196,18,12,5227.17
1197,36,13,4642.1
1198,57,10,4455.55
1199,51,17,7061.19
1200,41,12,6959.63
1201,0,19,7876.84
1202,24,12,4670.14
1203,27,13,5761.360000000001
1204,115,10,4740.79
1205,10,18,8479.27
1206,4,10,4851.1
1207,0,15,6902.44
1208,14,11,4329.5
1209,137,9,6164.07
1210,0,19,7688.01
1211,60,18,7858.47
1212,65,15,7934.72
1213,26,11,7434.18
1214,28,17,9206.42
1215,34,17,6761.37
1216,15,14,5115.62
1217,45,12,4429.97
1218,38,13,11683.58
1219,5,16,8488.74
1220,40,8,2418.32
1221,26,18,9709.24
1222,7,15,6423.59
1223,15,15,7984.45
1224,20,10,3450.83
1225,12,12,4514.45
1226,8,14,6707.1900000000005
1227,3,18,6849.95
1228,30,10,6263.36
1229,15,19,11603.39
1230,53,13,5084.51
1231,0,12,4590.71
1232,16,11,6957.29
1233,52,10,6545.4
1234,17,14,5519.34
1235,34,15,4390.72
1236,30,12,6983.46
1237,10,17,9138.57
1238,98,7,2085.09
1239,3,12,5712.12
1240,24,13,6740.67
1241,0,16,7781.78
1242,72,7,2186.31
1243,2,14,3078.93
1244,9,16,8649.19
1245,44,12,4418.04
1246,24,20,7904.8
1247,19,9,2928.74
1248,12,15,8361.43
1249,44,11,4918.3
1250,16,15,6384.240000000001
1251,23,12,5404.22
1252,67,17,7941.03
1253,2,12,4647.04
1254,43,8,2311.7
1255,59,12,3475.15
1256,63,9,3940.73
1257,4,15,7572.71
1258,3,17,7602.09
1259,21,7,4122.68
1260,10,12,3729.31
1261,80,10,4827.4
1262,10,13,3824.92
1263,26,14,4891.81
1264,0,13,3736.67
1265,54,12,5561.56
1266,56,7,5404.51
1267,90,6,3055.6099999999997
1268,32,14,5540.82
1269,12,15,6582.38
1270,71,8,4403.7
1271,2,17,9993.630000000001
1272,30,7,3187.13
1273,107,11,4434.08
1274,3,10,4745.07
1275,15,16,5959.63
1276,5,9,3387.6000000000004
1277,18,15,5019.62
1278,16,15,6105.57
1279,30,14,8510.3
1280,42,8,4154.37
1281,7,13,5258.77
1282,27,8,6813.64
1283,73,6,2473.18
1284,36,14,6516.97
1285,6,15,6093.8099999999995
1286,14,17,5405.13
1287,96,10,6424.6
1288,4,14,5117.25
1289,1,17,10121.79
1290,10,15,5625.72
1291,8,13,4499.3
1292,10,14,5705.53
1293,28,21,8439.68
1294,77,12,6074.49
1295,8,15,5782.1900000000005
1296,0,15,5477.74
1297,24,13,6486.5
1298,17,13,6340.1
1299,100,13,3862.01
1300,1,14,8362.3
1301,9,13,5098.6
1302,29,10,3678.9
1303,25,20,7295.89
1304,25,10,2256.69
1305,12,12,3663.16
1306,23,13,6013.4400000000005
1307,108,11,4753.99
1308,1,15,8832.44
1309,26,10,4899.26
1310,20,13,6812.82
1311,4,20,8746.02
1312,34,14,5718.71
1313,7,16,11373.54
1314,65,16,5611.98
1315,67,11,3608.56
1316,84,11,3395.42
1317,1,13,5994.64
1318,28,15,6933.59
1319,11,13,3890.92
1320,57,12,5361.37
1321,68,19,7367.65
1322,11,21,7993.2
1323,17,10,5142.05
1324,31,14,5451.53
1325,7,9,3217.06
1326,113,6,1586.02
1327,59,13,5098.5199999999995
1328,18,14,5154.75
1329,5,14,4751.64
1330,0,12,5123.96
1331,6,15,5663.78
1332,32,13,6934.83
1333,109,17,7804.11
1334,9,17,5685.96
1335,6,11,4367.6
1336,24,16,9889.62
1337,81,8,4000.97
1338,31,11,4420.8
1339,13,10,5376.56
1340,22,8,2780.29
1341,39,9,4167.25
1342,70,14,6041.84
1343,7,16,7756.77
1344,16,18,10673.65
1345,62,13,6373.38
1346,4,14,4906.74
1347,16,8,3506.93
1348,32,12,4258.21
1349,20,14,9825.99
1350,98,16,6182.1900000000005
1351,77,9,4980.28
1352,30,10,3846.66
1353,67,10,3334.09
1354,53,7,3159.75
1355,5,19,9273.57
1356,4,7,3201.41
1357,14,13,8110.23
1358,1,16,5807.42
1359,1,13,6104.14
1360,11,13,5581.5
1361,67,11,4882.8
1362,18,6,2335.63
1363,18,13,5364.08
1364,6,14,4154.11
1365,40,13,3747.03
1366,3,16,8906.83
1367,22,12,7094.76
1368,30,15,4336.05
1369,11,8,3671.51
1370,18,14,5561.36
1371,9,13,5034.08
1372,1,16,7391.39
1373,11,13,4990.12
1374,27,9,4870.11
1375,4,15,6992.7300000000005
1376,2,15,6743.53
1377,35,10,3363.62
1378,38,9,3783.88
1379,16,16,8279.119999999999
1380,2,16,4664.360000000001
1381,29,17,5914.66
1382,49,14,5305.29
1383,12,15,8684.8
1384,3,13,4845.52
1385,81,9,2160.98
1386,4,13,6392.72
1387,100,7,2917.6
1388,14,20,9032.07
1389,6,7,3461.75
1390,58,6,1367.44
1391,5,10,3953.66
1392,2,10,3616.74
1393,8,17,7430.89
1394,79,16,7025.37
1395,85,7,3297.32
1396,18,12,5117.7300000000005
1397,30,13,8299.44
1398,3,7,3927.4700000000003
1399,39,9,3613.2799999999997
1400,101,7,4099.38
1401,11,8,5286.35
1402,18,19,8613.34
1403,19,10,5889.01
1404,26,19,10662.82
1405,35,9,6005.93
1406,59,19,7962.54
1407,17,10,4585.86
1408,61,10,4746.31
1409,5,8,4231.62
1410,7,13,6905.84
1411,9,14,6784.89
1412,36,9,3438.75
1413,17,7,2575.34
1414,31,7,2052.71
1415,15,11,4137.6
1416,35,10,4556.0599999999995
1417,24,10,2033.18
1418,68,13,4320.71
1419,20,19,8485.62
1420,81,13,7275.21
1421,4,10,3414.83
1422,7,13,6342.65
1423,0,9,4979.03
1424,8,13,4431.58
1425,9,10,2784.09
1426,17,16,4620.04
1427,15,10,4683.91
1428,2,18,6533.35
1429,4,19,6980.89
1430,17,12,6359.71
1431,35,6,2392.42
1432,4,10,4487.38
1433,89,11,5675.57
1434,10,11,4560.15
1435,62,14,4813.01
1436,18,7,3767.61
1437,36,15,5308.2
1438,61,11,5442.23
1439,1,10,4033.42
1440,60,10,2788.87
1441,45,12,9270.63
1442,20,11,6252.12
1443,2,20,9742.25
1444,8,10,2941.59
1445,80,15,7608.27
1446,12,16,6141.82
1447,0,12,4836.17
1448,13,14,4114.89
1449,11,12,3287.69
1450,42,17,7027.51
1451,8,18,7660.63
1452,12,8,1284.47
1453,8,5,1856.16
1454,40,9,2109.18
1455,67,12,5704.13
1456,9,12,3804.67
1457,17,11,2883.17
1458,60,9,3503.9300000000003
1459,24,9,3122.94
1460,10,16,6824.76
1461,23,16,7023.08
1462,11,10,6226.86
1463,25,17,9776.74
1464,59,8,3795.13
1465,77,10,5444.45
1466,68,7,3133.52
1467,19,12,6533.530000000001
1468,11,12,6449.25
1469,37,14,8099.419999999999
1470,13,8,4140.47
1471,42,13,4708.99
1472,40,16,5635.66
1473,12,13,8123.67
1474,94,5,2155.51
1475,12,8,3584.75
1476,19,14,5531.0
1477,74,16,6105.47
1478,6,10,6585.14
1479,82,4,3571.4
1480,63,12,4232.72
1481,12,11,4731.59
1482,9,7,4976.1
1483,39,11,6274.31
1484,20,12,6155.2
1485,7,11,4456.76
1486,5,15,5540.14
1487,13,11,4782.1
1488,39,14,5505.61
1489,11,15,6831.49
1490,0,15,7247.33
1491,50,11,5500.0199999999995
1492,67,11,3682.15
1493,6,6,1195.08
1494,11,9,3123.41
1495,23,10,3962.96
1496,21,16,7299.07
1497,34,10,4954.43
1498,5,16,6847.94
1499,11,16,9528.38
1500,20,13,6178.26
1501,10,6,3388.8
1502,13,10,3744.39
1503,18,19,6156.36
1504,7,7,3104.48
1505,45,8,2896.95
1506,10,15,8437.92
1507,60,12,3015.41
1508,0,16,8178.22
1509,9,20,7706.9400000000005
1510,60,16,5556.84
1511,30,11,3178.33
1512,14,14,8065.54
1513,9,12,5734.41
1514,37,11,3611.01
1515,9,13,5325.73
1516,34,14,6159.5199999999995
1517,44,9,3508.49
1518,9,12,4804.12
1519,70,9,3108.29
1520,0,14,5205.39
1521,53,11,5553.38
1522,58,11,5813.13
1523,25,15,5947.89
1524,1,19,7900.95
1525,6,18,9900.74
1526,110,11,6086.65
1527,38,10,3683.68
1528,5,7,1693.3
1529,20,13,4773.3
1530,19,12,4558.15
1531,7,13,4671.7699999999995
1532,58,10,4492.969999999999
1533,9,11,4212.95
1534,12,13,5523.16
1535,2,13,6028.1
1536,25,17,9166.56
1537,39,13,6096.43
1538,7,12,5255.91
1539,39,10,4103.97
1540,39,15,7033.35
1541,71,13,5431.48
1542,79,9,3739.44
1543,4,13,4085.21
1544,48,6,2539.46
1545,35,9,3596.45
1546,38,13,4912.17
1547,8,12,5293.71
1548,17,13,6118.25
1549,0,12,3795.42
1550,46,11,5599.3
1551,19,14,6046.18
1552,60,15,6830.07
1553,0,11,5548.34
1554,37,18,6138.98
1555,17,8,2553.3
1556,38,10,4599.07
1557,24,13,4170.4400000000005
1558,12,18,8422.619999999999
1559,9,16,6718.3099999999995
1560,10,9,3592.44
1561,21,9,3347.67
1562,51,16,5263.34
1563,9,16,6901.96
1564,10,11,4651.03
1565,133,10,4771.27
1566,8,11,4595.91
1567,20,16,4857.679999999999
1568,48,11,3022.23
1569,25,17,6723.1
1570,26,11,5552.02
1571,4,15,6955.1
1572,3,12,7881.58
1573,3,11,6027.56
1574,28,11,7511.87
1575,136,14,7695.54
1576,9,11,5077.0
1577,6,7,2221.27
1578,10,18,8023.0
1579,1,12,4179.67
1580,57,11,7620.99
1581,12,13,8413.8
1582,38,13,4408.06
1583,123,12,5889.2300000000005
1584,6,10,6457.27
1585,74,14,7363.5
1586,30,16,8699.65
1587,27,10,2821.0
1588,43,18,5510.61
1589,8,14,4251.52
1590,11,9,5020.49
1591,23,11,4720.44
1592,39,13,6002.66
1593,0,6,2567.88
1594,0,12,5557.38
1595,40,8,3693.5499999999997
1596,37,15,6970.16
1597,10,16,8266.55
1598,49,15,7218.32
1599,33,15,9372.75
1600,46,12,6691.34
1601,35,17,7281.58
1602,55,13,5853.79
1603,10,10,5064.1900000000005
1604,4,11,4242.96
1605,10,8,3684.29
1606,22,15,5687.97
1607,73,10,5713.09
1608,4,16,5988.58
1609,19,13,5598.91
1610,5,11,5338.42
1611,38,12,5778.81
1612,0,18,6378.23
1613,7,11,3913.08
1614,7,8,2915.6299999999997
1615,22,16,5330.93
1616,0,10,3650.98
1617,11,19,9965.9
1618,10,17,4845.1
1619,11,16,7731.9800000000005
1620,49,10,3378.19
1621,4,18,5677.21
1622,14,9,3166.85
1623,2,16,5579.99
1624,25,18,7423.33
1625,39,13,3725.85
1626,90,10,4490.27
1627,39,13,7424.9400000000005
1628,65,17,6268.4
1629,66,4,3855.2999999999997
1630,10,14,7088.7300000000005
1631,21,15,5672.3099999999995
1632,30,5,1784.4
1633,9,8,2810.4
1634,85,7,2120.86
1635,96,13,4835.42
1636,20,8,2995.39
1637,59,12,4707.16
1638,21,11,2512.98
1639,114,8,4083.52
1640,14,12,8468.52
1641,57,13,5745.87
1642,51,9,4062.19
1643,18,15,6710.67
1644,0,12,5262.23
1645,21,9,4287.01
1646,35,11,6114.780000000001
1647,1,17,7925.59
1648,26,11,4394.01
1649,11,12,6018.32
1650,6,15,9330.64
1651,10,14,8353.02
1652,51,9,5439.57
1653,60,11,5414.29
1654,34,8,1652.43
1655,17,21,8103.92
1656,3,18,8392.92
1657,52,20,7102.8
1658,10,19,6872.54
1659,37,14,4951.43
1660,27,14,7319.47
1661,136,4,1329.33
1662,12,13,4188.76
1663,100,11,4923.6900000000005
1664,56,13,4416.860000000001
1665,84,12,5714.96
1666,4,15,6367.67
1667,27,13,9300.69
1668,8,17,8640.02
1669,5,9,5460.14
1670,61,7,2612.26
1671,11,9,2196.94
1672,2,19,7521.9800000000005
1673,28,10,2919.33
1674,23,10,7434.36
1675,17,12,4078.86
1676,10,20,8272.76
1677,14,12,5458.65
1678,69,10,4582.71
1679,6,15,5250.83
1680,21,19,8405.42
1681,5,15,6377.34
1682,35,16,6026.4
1683,20,19,7340.13
1684,2,17,9518.49
1685,58,11,5144.38
1686,8,13,3806.64
1687,23,8,4410.47
1688,16,10,6472.5
1689,2,18,6629.43
1690,31,8,5112.86
1691,6,8,3895.46
1692,23,12,3096.2200000000003
1693,86,13,5691.87
1694,34,18,8858.19
1695,28,12,4433.95
1696,31,13,4538.5
1697,10,11,4156.37
1698,1,13,5064.2
1699,101,7,2410.91
1700,56,12,6394.56
1701,10,7,3166.09
1702,17,19,10742.369999999999
1703,26,14,7503.41
1704,25,11,6294.37
1705,19,13,6167.02
1706,13,12,4303.72
1707,34,13,6874.89
1708,11,12,6933.76
1709,50,9,5211.42
1710,8,10,7623.25
1711,2,12,6612.25
1712,12,14,7871.21
1713,30,17,8834.27
1714,6,16,9932.96
1715,12,17,9214.85
1716,11,15,5737.0
1717,3,15,8369.33
1718,69,10,4059.8599999999997
1719,10,15,4813.84
1720,6,10,4379.4400000000005
1721,31,13,4167.44
1722,4,21,9031.35
1723,60,13,5707.71
1724,82,6,3706.86
1725,42,9,4658.26
1726,60,13,3504.98
1727,9,14,7544.11
1728,102,6,2197.7
1729,20,10,3611.34
1730,36,13,7792.17
1731,16,8,1844.09
1732,4,8,2610.55
1733,30,13,7216.56
1734,11,19,5517.94
1735,12,13,9028.47
1736,9,16,6189.9
1737,4,7,3724.27
1738,3,10,3232.17
1739,18,9,2633.48
1740,96,7,2421.36
1741,11,15,6142.36
1742,25,17,7255.21
1743,11,13,6533.9
1744,9,9,3484.4700000000003
1745,3,11,4831.68
1746,30,18,7398.77
1747,11,14,6286.17
1748,2,21,13103.77
1749,5,16,8550.23
1750,46,12,6212.5599999999995
1751,15,13,7211.91
1752,19,11,5187.88
1753,38,13,5647.9
1754,18,11,4562.86
1755,9,12,3228.18
1756,25,15,10108.2
1757,41,9,3010.79
1758,93,11,4777.38
1759,6,11,3583.99
1760,8,12,8896.630000000001
1761,16,12,7356.65
1762,66,16,7328.55
1763,27,10,1927.9099999999999
1764,10,10,5426.22
1765,8,9,2869.45
1766,45,17,7845.28
1767,6,12,5479.12
1768,60,12,6179.95
1769,0,15,7391.21
1770,4,13,6602.61
1771,5,9,4564.49
1772,38,14,5577.93
1773,15,11,4265.83
1774,3,11,8516.16
1775,66,13,4275.6
1776,66,9,3848.04
1777,11,20,9475.83
1778,2,15,6408.51
1779,12,11,4833.67
1780,45,12,5065.0
1781,10,8,3314.7200000000003
1782,37,8,3376.64
1783,11,17,5801.55
1784,35,17,7448.45
1785,40,7,2163.8199999999997
1786,31,17,6973.75
1787,13,11,3440.01
1788,56,13,6083.030000000001
1789,52,12,5742.8099999999995
1790,44,16,5345.97
1791,80,7,3273.9
1792,10,11,5478.12
1793,4,8,3436.3599999999997
1794,20,10,4584.87
1795,116,8,3269.89
1796,6,15,5000.84
1797,18,11,5211.2
1798,6,15,7954.95
1799,67,9,4188.8099999999995
1800,0,10,4125.06
1801,8,12,4271.32
1802,3,12,3658.75
1803,45,11,6200.15
1804,45,17,6314.83
1805,17,10,4219.37
1806,19,17,5252.18
1807,2,16,6714.21
1808,3,21,9142.24
1809,46,8,3662.8999999999996
1810,134,9,4124.47
1811,45,9,2525.31
1812,100,9,2827.24
1813,13,10,6625.68
1814,38,10,4512.56
1815,46,18,7335.1
1816,18,10,4802.64
1817,62,15,7780.349999999999
1818,44,15,5868.65
1819,9,9,5624.04
1820,62,15,10585.59
1821,11,10,3500.1400000000003
1822,12,12,6868.57
1823,31,14,5381.2300000000005
1824,31,14,5257.86
1825,26,12,4644.53
1826,165,8,3249.94
1827,46,16,6749.67
1828,12,11,5794.63
1829,0,13,5427.09
1830,20,11,5410.03
1831,137,11,6792.72
1832,10,14,8171.73
1833,51,11,6089.97
1834,30,7,2060.8
1835,8,8,2856.86
1836,94,11,5422.65
1837,8,17,7512.83
1838,84,10,4081.65
1839,45,17,7775.070000000001
1840,17,12,5865.6
1841,10,18,6895.42
1842,111,9,5299.74
1843,11,13,7929.08
1844,1,15,8569.74
1845,1,12,6434.0
1846,18,11,5159.07
1847,46,9,5798.77
1848,71,10,3450.76
1849,151,11,4725.64
1850,9,16,5601.0
1851,41,9,2701.49
1852,37,17,8305.45
1853,30,13,5879.95
1854,7,8,4596.91
1855,3,11,2521.19
1856,10,11,3693.54
1857,8,18,6636.6
1858,6,15,6642.26
1859,28,12,4543.67
1860,5,18,7484.81
1861,3,11,3800.59
1862,5,13,5073.7699999999995
1863,3,12,6841.6
1864,8,19,6492.05
1865,4,16,8325.39
1866,45,15,6640.43
1867,12,9,4300.98
1868,0,15,7100.09
1869,1,15,7710.07
1870,145,13,4557.12
1871,3,17,6865.73
1872,66,16,7190.54
1873,28,14,8592.25
1874,42,12,3765.3
1875,1,11,5167.93
1876,26,13,3705.92
1877,44,12,5338.8099999999995
1878,17,14,7880.0
1879,2,18,8497.38
1880,0,13,4844.74
1881,7,14,7037.35
1882,46,11,2623.56
1883,55,11,4585.36
1884,42,11,3864.88
1885,10,15,5979.66
1886,32,17,5601.87
1887,60,12,5090.46
1888,36,12,5401.24
1889,31,12,4858.49
1890,25,19,10241.43
1891,48,14,7115.46
1892,10,11,5070.48
1893,7,21,8373.24
1894,11,12,5044.28
1895,36,9,4991.78
1896,61,9,3345.6400000000003
1897,10,19,7943.38
1898,21,10,4616.85
1899,60,12,3776.36
1900,9,14,7002.530000000001
1901,5,11,6466.72
1902,10,10,4872.33
1903,11,19,9730.960000000001
1904,39,6,2499.46
1905,107,14,7742.24
1906,15,13,4973.05
1907,60,14,5448.8
1908,19,12,4691.57
1909,1,23,10414.9
1910,146,12,4775.08
1911,1,14,7899.11
1912,64,13,4131.57
1913,4,9,2779.09
1914,23,18,10583.31
1915,46,7,2311.03
1916,29,17,6166.67
1917,73,9,2145.33
1918,132,12,4787.47
1919,6,13,7444.72
1920,31,13,3798.37
1921,24,12,4460.24
1922,23,10,2580.96
1923,16,19,7593.53
1924,4,8,3570.5
1925,0,16,6222.59
1926,69,7,3643.38
1927,24,9,2514.57
1928,17,14,8003.43
1929,4,10,4171.280000000001
1930,39,10,4586.4
1931,14,21,10825.949999999999
1932,31,14,5310.88
1933,2,18,7503.57
1934,21,11,5093.74
1935,21,17,9058.35
1936,86,12,8485.98
1937,44,9,2520.69
1938,38,13,4780.03
1939,43,12,4345.38
1940,8,8,1890.19
1941,76,15,6843.26
1942,4,15,6113.38
1943,38,12,5741.44
1944,24,9,3787.64
1945,20,19,7364.46
1946,53,9,3618.02
1947,116,7,1629.31
1948,42,6,1759.47
1949,23,15,6864.5599999999995
1950,2,18,7268.71
1951,4,16,8059.63
1952,25,6,2755.66
1953,39,16,6105.82
1954,25,22,10586.68
1955,1,12,5323.4
1956,21,16,6517.97
1957,7,15,10155.970000000001
1958,9,17,5427.67
1959,17,16,6237.9400000000005
1960,51,13,6386.95
1961,30,9,4954.7699999999995
1962,38,11,4800.07
1963,3,12,5545.05
1964,7,9,3544.14
1965,67,19,6844.11
1966,11,14,5093.6
1967,14,15,4842.48
1968,47,11,4545.32
1969,34,13,4666.32
1970,2,9,4799.93
1971,23,10,3542.26
1972,9,11,3873.4
1973,17,11,8175.610000000001
1974,36,9,4454.13
1975,51,14,6877.76
1976,36,14,7005.83
1977,14,14,6380.7
1978,42,18,7158.2300000000005
1979,58,13,6516.89
1980,90,12,4517.98
1981,5,11,3752.42
1982,25,9,4064.16
1983,16,14,7532.07
1984,3,15,7253.29
1985,10,7,2644.6800000000003
1986,50,9,2543.4
1987,46,20,8217.69
1988,17,8,2705.72
1989,45,13,5266.3099999999995
1990,109,14,4889.2699999999995
1991,8,10,5757.67
1992,284,7,3621.88
1993,6,11,4357.63
1994,7,10,4065.14
1995,7,11,3543.91
1996,8,14,6671.94
1997,9,10,2695.1
1998,3,9,2855.8
1999,42,12,3849.95
2000,1,19,11721.75
2001,39,11,7043.4
2002,28,13,6306.47
2003,35,12,4722.42
2004,59,9,4204.7300000000005
2005,3,21,10046.03
2006,40,10,2605.12
2007,54,15,6580.18
2008,25,15,6640.08
2009,22,11,4770.99
2010,12,15,7907.58
2011,17,15,6036.1
2012,25,18,7246.29
2013,10,15,7138.82
2014,42,16,7375.860000000001
2015,0,11,9166.93
2016,37,17,7191.82
2017,60,9,4881.59
2018,1,14,6960.74
2019,164,8,4102.219999999999
2020,25,19,9624.59
2021,28,16,7195.62
2022,46,14,7574.0
2023,9,11,5100.68
2024,4,10,3497.16
2025,14,12,5063.63
2026,35,10,4590.9
2027,25,17,7236.0
2028,58,11,3000.03
2029,17,12,7252.43
2030,27,16,5577.15
2031,23,15,5220.13
2032,4,9,5218.75
2033,56,18,8261.8
2034,20,13,6196.95
2035,5,12,6010.69
2036,11,11,3972.03
2037,73,14,5964.91
2038,1,10,5277.72
2039,42,20,9430.44
2040,1,12,7022.86
2041,11,14,6052.26
2042,36,11,5487.92
2043,18,15,6002.4400000000005
2044,26,12,5700.360000000001
2045,13,7,2428.39
2046,3,9,4368.86
2047,15,11,4802.81
2048,25,9,2892.06
2049,87,7,2766.19
2050,33,9,4706.39
2051,13,12,8075.47
2052,51,11,2300.52
2053,29,15,6749.900000000001
2054,71,6,1811.42
2055,29,12,6208.13
2056,21,8,3358.46
2057,20,17,9003.83
2058,10,16,7470.8099999999995
2059,1,12,5238.27
2060,26,11,4430.86
2061,6,13,7074.39
2062,21,14,5581.44
2063,52,12,5596.3
2064,5,17,9598.93
2065,27,13,6233.88
2066,38,10,3378.63
2067,27,16,6868.91
2068,23,11,4507.67
2069,38,10,6455.04
2070,28,16,5690.21
2071,17,14,5418.76
2072,20,12,4143.43
2073,23,16,5993.55
2074,21,20,9148.93
2075,6,15,4455.09
2076,6,19,10065.57
2077,77,11,4182.7300000000005
2078,10,15,7989.39
2079,36,9,2794.5299999999997
2080,50,13,3863.31
2081,14,17,9326.49
2082,38,7,2616.36
2083,53,12,7060.2300000000005
2084,104,14,4707.75
2085,13,7,2609.93
2086,12,10,3793.04
2087,38,12,4872.49
2088,18,10,5940.38
2089,7,13,4479.37
2090,0,14,6931.24
2091,35,10,3875.45
2092,102,15,6626.21
2093,59,12,6798.77
2094,23,8,3050.04
2095,41,12,7137.35
2096,98,15,6233.07
2097,24,15,9271.91
2098,66,10,4409.83
2099,7,16,6171.54
2100,39,9,5273.9
2101,1,12,5334.75
2102,12,15,6057.17
2103,3,15,9772.32
2104,19,11,4790.03
2105,31,5,1393.33
2106,32,16,6787.93
2107,29,12,3378.46
2108,0,20,7044.87
2109,21,15,5054.87
2110,28,10,4030.57
2111,89,11,5399.71
2112,10,13,4772.95
2113,8,10,4350.0
2114,14,10,5220.4
2115,62,9,1915.2099999999998
2116,3,15,6197.31
2117,117,7,2693.88
2118,101,7,4052.31
2119,18,11,6760.36
2120,14,21,9673.32
2121,42,11,5431.4800000000005
2122,29,10,2722.8
2123,1,16,5881.61
2124,40,9,2865.32
2125,36,14,6735.5199999999995
2126,6,10,2972.6
2127,18,9,5107.38
2128,0,15,8070.9800000000005
2129,10,11,5219.9400000000005
2130,39,12,5868.99
2131,25,13,3453.8900000000003
2132,2,17,8189.79
2133,4,9,5625.2
2134,50,10,2920.98
2135,12,9,4379.7
2136,0,14,4553.37
2137,10,15,7210.29
2138,10,9,3625.48
2139,62,15,5518.71
2140,35,16,7849.4400000000005
2141,32,17,6565.69
2142,4,13,6797.05
2143,17,9,3076.59
2144,26,15,4383.16
2145,53,11,3350.76
2146,5,18,6866.24
2147,44,15,7429.469999999999
2148,31,14,4520.95
2149,32,13,4732.03
2150,7,22,8383.42
2151,70,9,5759.09
2152,0,12,4878.34
2153,0,16,10338.56
2154,1,12,5042.86
2155,53,8,4022.08
2156,3,17,5759.32
2157,7,20,7666.37
2158,21,12,4284.71
2159,29,26,10617.86
2160,22,8,2577.0299999999997
2161,4,10,7129.36
2162,86,20,8969.33
2163,0,18,8661.72
2164,18,12,4933.400000000001
2165,1,10,4380.74
2166,37,11,5067.16
2167,21,15,7039.73
2168,10,15,5558.03
2169,1,14,6428.530000000001
2170,4,8,5638.94
2171,3,16,6122.7699999999995
2172,38,8,3267.18
2173,3,16,7754.88
2174,45,8,5590.94
2175,23,12,5525.15
2176,12,14,4653.91
2177,16,12,3643.81
2178,52,13,7890.9400000000005
2179,73,8,2258.31
2180,5,8,3465.98
2181,17,9,4285.37
2182,29,10,9214.23
2183,9,16,8638.64
2184,12,17,6533.3
2185,27,12,6803.79
2186,4,7,3679.98
2187,32,13,3889.29
2188,5,15,6756.33
2189,10,14,5329.44
2190,44,14,5695.74
2191,46,19,9740.68
2192,26,8,4722.19
2193,8,9,2097.52
2194,20,12,3776.95
2195,86,13,7463.1
2196,94,9,4785.19
2197,23,16,6143.27
2198,44,12,6644.86
2199,10,11,4659.75
2200,21,16,4375.3099999999995
2201,4,13,6825.47
2202,38,12,5824.43
2203,4,12,5892.1900000000005
2204,11,13,4427.4400000000005
2205,45,12,5845.639999999999
2206,15,15,4408.09
2207,4,15,7690.35
2208,21,11,4835.35
2209,19,13,6847.64
2210,0,12,7324.5
2211,10,14,6031.46
2212,19,19,8789.84
2213,31,11,3649.84
2214,75,11,6411.76
2215,11,16,5932.26
2216,92,7,2840.07
2217,45,12,4121.07
2218,5,11,5220.22
2219,3,16,11156.65
2220,32,11,6417.08
2221,4,15,5775.51
2222,30,12,4271.51
2223,3,10,5908.14
2224,16,14,4520.7699999999995
2225,22,10,4512.6
2226,4,13,7510.59
2227,12,11,4270.81
2228,11,13,5552.82
2229,16,18,10067.36
2230,71,9,2374.8
2231,2,15,7390.21
2232,11,6,3569.27
2233,1,7,1071.97
2234,17,16,5623.03
2235,6,12,6911.41
2236,41,9,5870.81
2237,61,6,2770.31
2238,8,14,6024.66
2239,39,12,4469.2300000000005
2240,4,18,9348.39
2241,15,9,7106.04
2242,9,19,9311.880000000001
2243,30,17,7936.45
2244,88,7,1706.53
2245,77,14,4052.25
2246,76,10,5174.71
2247,38,8,4131.55
2248,25,10,4888.139999999999
2249,21,18,5978.95
2250,14,14,8270.52
2251,37,16,6061.28
2252,2,11,6224.6900000000005
2253,14,13,7209.44
2254,11,14,5336.82
2255,14,16,7169.23
2256,44,10,5763.97
2257,6,15,6764.25
2258,7,9,4546.15
2259,20,16,5388.4
2260,36,7,2808.3900000000003
2261,50,10,6695.95
2262,24,11,6808.39
2263,16,10,3792.96
2264,7,17,8592.84
2265,2,12,4949.18
2266,10,12,6121.16
2267,45,11,5591.96
2268,32,11,5898.64
2269,3,14,6360.610000000001
2270,42,6,2554.03
2271,55,15,7590.38
2272,27,10,5699.77
2273,4,22,7849.79
2274,5,17,9339.03
2275,5,13,4696.39
2276,10,24,13299.14
2277,7,11,6501.57
2278,5,7,3297.9199999999996
2279,38,13,4700.18
2280,0,13,7750.59
2281,12,12,3947.42
2282,7,14,5467.02
2283,6,6,4258.8
2284,9,11,5398.88
2285,70,14,5574.93
2286,0,9,4232.51
2287,10,12,4962.24
2288,8,10,2265.8
2289,0,14,6185.49
2290,27,7,3069.6
2291,47,14,5603.259999999999
2292,39,10,5041.19
2293,9,12,6395.18
2294,30,13,4385.82
2295,27,20,5055.95
2296,10,10,5486.59
2297,2,19,7954.33
2298,29,14,5863.7300000000005
2299,36,14,4488.39
2300,40,9,3218.46
2301,16,8,4732.599999999999
2302,39,12,5672.4400000000005
2303,8,16,9158.59
2304,2,18,10364.79
2305,58,13,7325.84
2306,15,14,6031.22
2307,20,18,8634.3
2308,17,15,6205.01
2309,18,15,5847.3
2310,36,12,5541.26
2311,0,12,5619.7
2312,65,10,5663.67
2313,81,12,6283.58
2314,13,17,7280.05
2315,27,19,5626.75
2316,46,13,9017.01
2317,42,12,2914.87
2318,25,14,5373.42
2319,54,12,5652.55
2320,39,11,3959.66
2321,17,12,6101.55
2322,11,19,11413.710000000001
2323,40,21,8828.29
2324,66,9,3054.56
2325,12,7,3066.08
2326,0,12,8962.15
2327,11,15,5856.69
2328,17,10,4447.75
2329,3,18,6633.48
2330,17,14,8700.09
2331,0,16,4111.62
2332,17,16,8445.06
2333,14,13,5977.46
2334,17,12,4000.64
2335,9,14,4099.41
2336,50,16,9748.95
2337,7,14,8473.9
2338,13,10,3638.1
2339,14,17,5162.83
2340,26,13,7151.41
2341,11,13,4831.95
2342,6,9,4758.0199999999995
2343,3,15,7208.59
2344,27,13,4474.99
2345,44,8,3818.05
2346,0,12,5928.89
2347,70,11,4603.8099999999995
2348,6,16,7748.99
2349,2,12,4906.99
2350,13,17,7294.61
2351,29,12,4150.28
2352,34,9,4283.83
2353,17,13,7929.8099999999995
2354,6,17,9543.17
2355,39,12,3764.52
2356,8,12,5059.87
2357,17,25,13750.3
2358,15,10,3518.06
2359,113,4,1134.6399999999999
2360,18,17,5398.3
2361,9,17,6748.45
2362,102,10,5511.49
2363,20,11,2910.77
2364,167,6,3297.83
2365,34,11,7677.01
2366,10,7,2246.28
2367,8,11,5535.01
2368,67,14,6948.57
2369,16,9,5068.19
2370,0,12,5666.719999999999
2371,31,17,7751.280000000001
2372,1,10,4015.85
2373,1,12,3490.32
2374,48,14,5073.72
2375,30,9,3364.58
2376,30,16,4998.2699999999995
2377,15,11,4148.64
2378,27,14,5957.639999999999
2379,7,7,3363.2
2380,4,10,3845.38
2381,121,15,6907.04
2382,73,12,3817.24
2383,9,12,4844.3
2384,68,12,4153.9
2385,17,11,5503.77
2386,3,10,5211.67
2387,45,17,7164.74
2388,38,13,5464.49
2389,40,11,6290.91
2390,75,10,3547.83
2391,0,20,8971.29
2392,25,12,8754.07
2393,6,14,6588.88
2394,3,13,4944.25
2395,1,17,7059.7
2396,30,12,4473.35
2397,42,13,5013.34
2398,1,18,6639.6
2399,0,7,2787.86
2400,9,8,5701.09
2401,107,10,4167.91
2402,5,11,4739.83
2403,2,16,6135.31
2404,20,9,4397.13
2405,8,14,5805.7300000000005
2406,126,9,4229.19
2407,37,11,4821.34
2408,27,15,6183.910000000001
2409,81,8,3130.9399999999996
2410,6,7,3071.44
2411,21,18,8317.93
2412,42,8,4987.6900000000005
2413,24,14,5640.33
2414,43,9,4069.99
2415,44,16,6445.11
2416,7,15,6040.7
2417,108,11,6101.0599999999995
2418,46,14,5206.07
2419,28,21,8559.23
2420,18,17,8579.83
2421,48,11,2741.23
2422,14,16,9668.45
2423,10,18,6636.22
2424,23,17,6836.81
2425,5,11,4381.76
2426,3,12,4754.9
2427,11,8,7161.71
2428,11,14,7307.32
2429,33,14,7915.96
2430,0,13,6691.13
2431,0,10,7158.07
2432,72,8,3823.08
2433,101,9,6087.24
2434,0,5,1650.99
2435,60,12,7312.7699999999995
2436,54,9,4733.98
2437,21,14,9154.07
2438,13,16,6509.16
2439,7,11,3302.21
2440,1,9,2883.84
2441,10,18,5688.41
2442,55,12,4043.29
2443,17,13,6781.91
2444,76,14,5765.94
2445,126,7,4405.57
2446,10,18,9622.41
2447,46,18,7645.29
2448,30,9,2693.22
2449,45,14,3684.89
2450,72,11,3957.2799999999997
2451,47,18,7573.73
2452,35,13,7936.45
2453,15,16,7619.15
2454,58,10,3732.56
2455,28,10,2568.84
2456,8,9,5728.52
2457,10,11,3672.5699999999997
2458,9,7,2299.4
2459,23,19,7135.36
2460,41,13,5367.32
2461,8,17,7186.87
2462,6,8,3725.1200000000003
2463,10,9,6297.66
2464,38,12,5216.4400000000005
2465,106,13,7966.52
2466,36,9,4381.37
2467,22,12,5660.09
2468,4,11,6047.2699999999995
2469,5,12,5162.29
2470,6,16,7490.64
2471,18,11,4594.36
2472,29,20,9864.79
2473,17,8,2377.33
2474,17,9,5334.43
2475,27,16,6592.51
2476,13,8,2620.06
2477,24,13,5885.21
2478,25,17,7765.96
2479,21,12,4447.92
2480,39,15,6222.43
2481,13,11,4707.17
2482,33,12,5230.86
2483,24,9,3235.63
2484,11,13,4461.9
2485,35,18,6773.1900000000005
2486,5,13,3950.4900000000002
2487,46,16,5584.84
2488,13,10,3820.76
2489,26,20,8784.86
2490,78,12,5748.39
2491,53,11,3822.04
2492,30,15,6489.19
2493,3,15,4067.46
2494,36,10,7249.08
2495,45,11,3850.63
2496,0,12,6828.85
2497,18,12,5160.12
2498,18,9,2561.41
2499,26,13,4910.49
2500,8,11,3772.0
2501,29,9,3948.9900000000002
2502,20,18,6874.71
2503,10,12,3159.01
2504,15,16,7352.8
2505,59,12,5191.97
2506,23,11,4140.29
2507,17,15,6275.78
2508,67,7,4227.3099999999995
2509,15,15,5562.93
2510,9,15,4653.19
2511,6,8,3548.7599999999998
2512,5,12,4744.71
2513,18,17,5746.74
2514,3,17,5928.99
2515,9,12,7160.61
2516,73,15,6625.59
2517,18,8,5608.5599999999995
2518,6,12,3385.82
2519,36,10,4831.46
2520,16,13,5011.76
2521,2,14,7816.05
2522,18,10,1827.97
2523,42,5,2404.21
2524,18,15,7550.87
2525,12,14,4888.35
2526,10,16,6430.25
2527,21,20,6386.4
2528,24,17,9615.38
2529,3,11,5229.18
2530,28,19,10247.85
2531,17,22,11388.7
2532,39,11,3598.92
2533,18,9,2551.96
2534,45,14,6992.65
2535,17,16,6757.33
2536,64,15,5078.85
2537,13,10,6575.89
2538,6,16,7840.0599999999995
2539,18,10,5146.91
2540,5,20,8703.19
2541,25,13,7440.0199999999995
2542,18,12,5848.09
2543,94,10,3875.9
2544,18,13,5887.26
2545,28,11,3305.19
2546,1,7,3075.38
2547,18,14,6975.54
2548,1,13,7727.43
2549,9,13,6275.44
2550,43,12,6080.97
2551,0,13,5573.47
2552,54,12,4632.02
2553,10,13,4530.69
2554,30,15,8233.43
2555,56,11,4045.92
2556,3,13,6700.6
2557,1,15,4542.86
2558,8,11,4419.63
2559,7,14,7761.72
2560,22,14,6424.59
2561,134,7,3141.65
2562,0,13,6424.14
2563,25,22,10429.43
2564,30,7,3967.0099999999998
2565,2,22,10472.17
2566,38,15,7177.2
2567,36,15,6147.4400000000005
2568,39,13,3950.34
2569,15,13,6856.13
2570,3,7,3973.09
2571,4,13,3877.1800000000003
2572,6,14,5144.21
2573,8,19,9354.59
2574,103,10,5691.16
2575,10,13,3297.17
2576,9,12,5569.76
2577,31,7,4345.26
2578,4,11,4421.89
2579,19,9,4868.5
2580,41,11,3696.05
2581,31,16,4918.64
2582,64,8,2210.5
2583,31,13,8205.84
2584,29,13,7710.36
2585,10,14,7429.53
2586,3,13,4621.52
2587,62,11,3064.23
2588,3,12,6463.42
2589,15,9,5485.7
2590,29,11,5001.5
2591,105,7,2430.19
2592,24,16,5982.29
2593,0,16,9315.810000000001
2594,16,9,2863.62
2595,17,13,4168.72
2596,24,19,6492.47
2597,29,12,5198.0
2598,63,10,5210.32
2599,31,11,4266.5
2600,16,15,7450.34
2601,25,22,7666.86
2602,52,10,6333.42
2603,8,10,4407.83
2604,14,11,6202.23
2605,14,11,5846.990000000001
2606,4,12,8000.71
2607,0,10,4206.53
2608,51,9,4657.66
2609,104,9,3778.23
2610,7,10,3066.1
2611,16,16,6191.54
2612,25,7,3471.1
2613,38,13,4234.93
2614,17,12,4796.59
2615,18,14,7051.280000000001
2616,32,16,6052.43
2617,23,14,4852.06
2618,4,18,7824.72
2619,2,11,3719.19
2620,137,20,7210.9
2621,31,13,5629.96
2622,33,13,5395.56
2623,22,12,6915.87
2624,91,8,2373.5099999999998
2625,9,18,8570.22
2626,13,10,2933.94
2627,25,15,8113.47
2628,115,10,4079.73
2629,3,16,7983.06
2630,48,13,5849.27
2631,9,19,5965.63
2632,2,20,8004.88
2633,5,18,10974.199999999999
2634,8,11,5542.61
2635,26,10,2939.2999999999997
2636,18,10,6573.82
2637,25,15,4547.12
2638,20,21,8252.37
2639,5,7,2015.49
2640,28,15,6126.08
2641,8,16,6624.62
2642,12,11,4098.0599999999995
2643,8,10,4148.91
2644,64,15,5038.39
2645,37,10,5392.29
2646,4,17,8459.12
2647,0,10,7471.599999999999
2648,16,16,5356.1
2649,43,10,2966.87
2650,25,13,5075.43
2651,11,10,5486.03
2652,36,14,5824.45
2653,23,14,4940.45
2654,6,12,4030.45
2655,45,21,8440.15
2656,61,10,3912.5099999999998
2657,10,14,8483.380000000001
2658,45,9,5202.21
2659,3,9,3445.23
2660,46,8,7649.61
2661,18,8,4287.48
2662,10,13,6351.08
2663,8,10,3980.91
2664,37,11,8657.26
2665,22,12,3367.17
2666,53,18,8298.66
2667,46,13,3998.83
2668,29,6,2237.68
2669,11,17,8836.96
2670,9,7,2982.86
2671,37,8,3548.6
2672,88,6,2202.9300000000003
2673,7,16,7209.91
2674,59,11,4880.17
2675,30,16,6399.27
2676,18,10,3669.01
2677,41,8,4320.62
2678,11,8,2957.75
2679,8,12,5078.0599999999995
2680,17,10,3217.05
2681,51,12,4403.29
2682,1,17,6337.68
2683,0,10,4479.05
2684,39,13,7517.9400000000005
2685,16,11,4371.32
2686,36,16,6588.65
2687,23,8,3751.96
2688,24,17,8288.3
2689,45,13,9307.96
2690,6,11,4877.51
2691,51,15,6914.41
2692,11,15,5460.35
2693,39,16,6087.41
2694,40,11,4543.98
2695,20,13,5925.73
2696,13,11,5388.12
2697,40,18,8999.37
2698,0,10,4760.67
2699,25,16,7086.48
2700,7,9,4314.09
2701,18,18,7794.29
2702,12,16,7028.38
2703,71,18,7990.88
2704,42,21,9937.81
2705,0,20,12168.68
2706,60,8,3063.87
2707,61,10,4182.33
2708,39,14,6814.25
2709,27,12,4222.6900000000005
2710,41,10,3091.32
2711,91,6,2225.37
2712,32,15,5617.25
2713,22,4,2349.37
2714,39,11,3963.1
2715,23,10,2962.28
2716,54,11,2447.2
2717,95,14,5252.34
2718,26,12,6635.5
2719,13,15,8289.22
2720,70,16,7874.0
2721,41,13,5725.06
2722,14,13,5512.07
2723,7,16,6824.34
2724,7,15,5054.89
2725,21,12,4745.68
2726,40,8,4050.0
2727,94,12,6026.5199999999995
2728,149,9,2932.6600000000003
2729,19,15,6273.09
2730,5,14,5401.34
2731,3,19,7423.13
2732,15,12,5048.36
2733,55,16,9640.84
2734,60,10,4411.62
2735,20,16,10241.56
2736,7,13,3992.6800000000003
2737,35,15,3766.0
2738,8,14,5966.37
2739,11,5,1588.8200000000002
2740,74,15,8448.72
2741,151,11,4977.62
2742,17,9,3992.26
2743,7,11,7387.05
2744,35,13,3064.12
2745,9,16,7031.4800000000005
2746,69,12,5541.12
2747,13,12,3512.49
2748,4,11,3870.6399999999994
2749,20,15,5179.16
2750,4,11,4812.95
2751,3,13,6142.900000000001
2752,38,10,5951.45
2753,6,17,7708.38
2754,7,13,5632.77
2755,41,17,3954.64
2756,48,14,4862.12
2757,26,11,4591.2699999999995
2758,14,14,4462.28
2759,4,18,9642.039999999999
2760,49,11,5212.0
2761,59,10,2868.83
2762,3,13,5299.1900000000005
2763,67,17,11373.16
2764,5,13,7786.45
2765,2,13,6094.74
2766,6,14,7220.4
2767,10,11,6513.21
2768,40,13,3224.27
2769,49,14,5015.469999999999
2770,17,13,6090.0599999999995
2771,69,11,2807.88
2772,13,12,5024.4800000000005
2773,49,13,5087.3099999999995
2774,7,15,7064.74
2775,17,9,2941.04
2776,2,15,5653.05
2777,40,14,8864.85
2778,11,13,5167.26
2779,24,12,4018.8399999999997
2780,12,11,6909.44
2781,13,19,10653.26
2782,13,10,2938.5
2783,86,10,2646.33
2784,24,7,2601.86
2785,9,8,2813.67
2786,4,12,4953.56
2787,12,13,6205.38
2788,40,12,4869.08
2789,23,9,2627.2
2790,17,16,6083.99
2791,8,20,11419.62
2792,38,15,6593.24
2793,49,13,6855.39
2794,43,11,4325.73
2795,8,14,7088.54
2796,55,15,5578.47
2797,37,14,7000.79
2798,3,20,10459.05
2799,52,13,3277.18
2800,4,14,5734.1
2801,8,16,7147.5
2802,6,9,4850.51
2803,26,11,4940.63
2804,50,13,4886.92
2805,4,13,4487.82
2806,9,7,3328.6099999999997
2807,4,14,6601.0
2808,75,13,4005.32
2809,75,18,7183.93
2810,32,12,4312.45
2811,18,10,2951.2
2812,71,14,6917.16
2813,27,19,8180.54
2814,4,13,5312.98
2815,6,13,6774.74
2816,3,6,3720.63
2817,18,18,7221.26
2818,65,10,2140.69
2819,14,13,6605.67
2820,8,12,6232.3
2821,17,17,9050.58
2822,9,13,6217.47
2823,29,18,9550.14
2824,10,10,6124.96
2825,11,21,11391.6
2826,13,8,2767.55
2827,14,16,6623.42
2828,88,14,5503.17
2829,14,21,7872.4
2830,39,10,5200.35
2831,27,12,5635.52
2832,21,15,6748.86
2833,1,17,7094.46
2834,21,12,6550.39
2835,105,10,4989.87
2836,1,12,6372.0199999999995
2837,159,4,2704.5699999999997
2838,36,17,7708.61
2839,4,11,3183.13
2840,10,14,8618.32
2841,15,11,3315.94
2842,58,9,7458.62
2843,43,12,5888.379999999999
2844,19,13,3105.16
2845,5,17,8614.98
2846,4,13,5965.34
2847,15,9,5034.1
2848,0,12,4110.54
2849,5,16,9416.56
2850,21,14,7844.38
2851,9,16,8846.18
2852,58,15,8597.41
2853,24,13,4468.4
2854,15,11,4065.49
2855,102,8,2321.81
2856,0,15,8428.81
2857,7,15,7953.72
2858,46,20,8236.23
2859,0,12,3748.29
2860,45,10,4818.93
2861,17,14,7283.8
2862,31,12,3603.62
2863,65,19,7327.1
2864,33,17,6772.45
2865,0,12,4517.24
2866,10,13,6235.6900000000005
2867,17,15,6003.01
2868,5,15,7629.48
2869,25,12,4119.24
2870,20,10,4119.36
2871,6,14,8990.0
2872,119,6,1774.8799999999999
2873,7,13,4634.48
2874,4,17,7927.7
2875,13,13,4980.51
2876,10,15,5960.88
2877,9,14,6073.2
2878,2,16,9889.13
2879,55,9,3263.66
2880,52,13,4062.66
2881,46,12,5529.18
2882,29,11,3398.27
2883,29,13,7931.9
2884,8,13,5625.4400000000005
2885,71,12,5952.7300000000005
2886,36,21,7009.0199999999995
2887,17,10,3354.18
2888,7,15,7523.68
2889,2,14,8779.28
2890,44,8,4895.58
2891,13,14,5088.15
2892,7,12,4876.83
2893,32,12,5907.36
2894,4,10,4029.01
2895,18,12,9179.83
2896,2,14,9129.25
2897,7,19,7290.22
2898,19,19,7272.18
2899,9,11,4718.5
2900,8,20,10516.93
2901,53,12,5351.99
2902,18,15,5269.8
2903,14,17,8370.83
2904,45,10,3623.9
2905,35,12,4360.16
2906,40,9,6491.0599999999995
2907,0,9,3230.48
2908,47,18,7196.14
2909,50,9,4919.03
2910,10,14,3528.0
2911,18,10,2564.27
2912,42,16,5742.7699999999995
2913,10,20,5716.25
2914,4,10,5577.78
2915,16,13,4110.21
2916,3,17,8956.46
2917,46,12,3855.87
2918,6,12,4603.89
2919,29,12,4810.63
2920,16,15,4658.16
2921,76,9,5172.22
2922,4,13,5075.71
2923,117,11,2442.46
2924,128,9,2709.15
2925,4,21,7508.5
2926,2,15,6433.349999999999
2927,3,13,6158.16
2928,17,17,10047.88
2929,8,15,5144.8
2930,13,13,8225.11
2931,126,4,2258.37
2932,65,17,6044.23
2933,69,9,3528.07
2934,108,13,6512.849999999999
2935,3,11,6354.530000000001
2936,9,11,2667.2200000000003
2937,16,7,2387.58
2938,0,10,3564.9
2939,17,18,8411.37
2940,24,19,7771.94
2941,2,13,6399.52
2942,17,9,3248.41
2943,17,12,5913.01
2944,14,9,5624.07
2945,4,14,6194.81
2946,39,19,10074.18
2947,73,12,3333.68
2948,86,11,4805.0
2949,1,15,7732.73
2950,51,13,6779.6
2951,39,12,5120.21
2952,25,17,6126.48
2953,3,15,9020.84
2954,95,7,2411.35
2955,7,13,7295.63
2956,15,11,5047.56
2957,12,9,3152.5
2958,9,14,7359.79
2959,7,8,2380.59
2960,4,19,6740.17
2961,3,13,6973.030000000001
2962,29,12,6780.75
2963,12,12,4627.62
2964,3,10,5200.1
2965,34,11,4362.44
2966,13,8,2609.4700000000003
2967,4,17,7917.219999999999
2968,95,11,8277.41
2969,26,9,3095.06
2970,3,15,7254.12
2971,0,8,3895.44
2972,40,15,4953.64
2973,0,12,5446.0
2974,7,12,5646.14
2975,20,15,7595.110000000001
2976,60,10,2214.54
2977,6,11,6855.26
2978,93,10,5347.12
2979,3,8,2985.7599999999998
2980,5,13,8092.740000000001
2981,9,20,6609.82
2982,28,11,5995.11
2983,69,7,2987.75
2984,46,13,5890.19
2985,25,6,2919.03
2986,75,10,3592.66
2987,8,15,5253.3
2988,3,13,6028.56
2989,38,9,4002.7200000000003
2990,22,4,1931.7400000000002
2991,1,12,3202.56
2992,2,16,8212.54
2993,47,15,8976.32
2994,3,14,4140.05
2995,6,20,11138.18
2996,59,12,6122.150000000001
2997,82,14,8122.2699999999995
2998,0,13,4659.74
2999,39,7,5007.49
3000,51,17,7167.34
3001,9,11,6215.610000000001
3002,27,8,2877.6200000000003
3003,11,22,10996.48
3004,11,21,10641.53
3005,10,16,6868.9400000000005
3006,20,10,5540.31
3007,14,11,6373.9
3008,25,20,9777.22
3009,10,13,7267.49
3010,97,11,4929.22
3011,10,11,4914.35
3012,5,12,4306.76
3013,31,13,6176.37
3014,8,10,3786.12
3015,43,15,4432.16
3016,20,14,7039.18
3017,15,15,8695.050000000001
3018,10,10,4109.46
3019,42,11,5597.3
3020,20,12,5227.34
3021,3,13,4790.55
3022,38,12,3996.1800000000003
3023,6,12,4132.13
3024,92,11,4954.88
3025,41,6,2534.5899999999997
3026,10,11,4098.46
3027,19,9,3320.6499999999996
3028,3,12,5138.64
3029,17,10,6115.93
3030,60,12,4061.81
3031,8,10,3564.69
3032,33,13,5952.73
3033,0,19,8920.41
3034,17,12,3538.3199999999997
3035,7,13,3766.91
3036,18,19,6471.55
3037,10,7,2528.7200000000003
3038,0,17,8250.91
3039,10,11,4962.57
3040,20,7,2062.08
3041,17,12,5429.1900000000005
3042,25,9,5806.429999999999
3043,21,18,7740.889999999999
3044,8,8,3070.86
3045,118,14,6805.04
3046,47,18,6659.74
3047,6,13,4332.23
3048,28,15,6569.82
3049,185,13,4894.04
3050,3,7,4405.08
3051,13,14,5993.29
3052,26,17,7830.69
3053,2,20,7240.89
3054,21,11,5685.51
3055,10,8,2343.9500000000003
3056,151,12,4660.43
3057,7,13,4381.88
3058,39,8,2236.31
3059,25,11,5385.77
3060,199,4,1015.4100000000001
3061,45,7,2262.76
3062,3,15,7591.9
3063,7,16,10293.529999999999
3064,0,11,4724.1
3065,4,10,3640.31
3066,27,10,5325.01
3067,1,9,2286.06
3068,38,6,4293.18
3069,12,16,7572.77
3070,64,7,3134.71
3071,60,12,7138.83
3072,7,14,5093.04
3073,2,11,4166.14
3074,7,9,3694.96
3075,9,14,4689.45
3076,37,14,5543.73
3077,8,9,4635.860000000001
3078,13,17,10732.96
3079,6,12,6816.36
3080,4,15,6326.0
3081,11,14,6229.3099999999995
3082,39,18,9088.29
3083,0,18,8964.52
3084,9,9,4772.34
3085,13,10,5828.56
3086,35,13,6320.29
3087,8,24,10037.29
3088,67,11,5149.42
3089,0,20,7224.4400000000005
3090,1,9,4358.19
3091,27,15,5494.969999999999
3092,21,9,4070.92
3093,18,16,7113.85
3094,60,10,6133.02
3095,36,14,5694.9
3096,15,5,3860.9500000000003
3097,34,16,7424.17
3098,60,18,9167.56
3099,12,10,4616.7300000000005
3100,57,11,5503.92
3101,3,13,5066.3
3102,7,11,3622.96
3103,7,10,4317.75
3104,2,21,8840.59
3105,9,3,734.02
3106,17,7,3644.4300000000003
3107,81,10,4437.88
3108,68,15,4750.07
3109,18,15,5922.09
3110,58,9,3719.6
3111,35,14,3862.21
3112,3,12,4381.79
3113,0,13,8287.04
3114,6,8,2268.1
3115,14,18,4750.64
3116,5,10,3887.0099999999998
3117,39,13,4497.97
3118,15,11,6544.82
3119,22,12,3736.37
3120,10,16,8747.130000000001
3121,19,13,3601.4300000000003
3122,4,8,2515.1
3123,4,20,8635.2
3124,0,12,4119.55
3125,12,17,8005.25
3126,17,12,6308.84
3127,4,19,9210.74
3128,23,15,5187.55
3129,74,7,4529.62
3130,41,8,2671.23
3131,8,9,4908.2
3132,10,15,5665.94
3133,78,12,6372.719999999999
3134,16,18,8445.82
3135,107,8,4695.32
3136,21,13,5205.09
3137,59,14,4194.56
3138,2,15,7077.78
3139,130,7,6364.8
3140,75,15,5444.030000000001
3141,14,11,5094.03
3142,30,11,4736.93
3143,179,7,1679.46
3144,1,11,6921.66
3145,15,10,3461.81
3146,144,10,4284.55
3147,66,16,7384.64
3148,47,12,8082.35
3149,128,10,3952.63
3150,35,14,8535.44
3151,11,13,4195.25
3152,27,14,6606.52
3153,17,13,7612.06
3154,12,15,7926.18
3155,3,11,3135.2
3156,11,15,6819.2
3157,4,16,9302.37
3158,9,24,12791.210000000001
3159,26,13,4270.1
3160,15,20,10436.56
3161,18,10,2417.64
3162,80,14,8275.61
3163,50,16,8456.82
3164,17,15,6144.97
3165,16,9,4278.42
3166,25,15,4461.0599999999995
3167,25,17,7079.87
3168,25,10,2902.75
3169,8,12,6139.45
3170,69,18,7931.16
3171,29,13,6430.58
3172,20,15,7504.74
3173,8,11,5924.97
3174,11,16,5645.14
3175,0,10,6487.71
3176,101,10,3909.93
3177,46,17,5754.3
3178,35,11,4422.16
3179,40,12,6177.39
3180,57,12,5963.99
3181,18,13,8468.36
3182,14,12,7257.16
3183,0,18,8650.960000000001
3184,17,17,8831.89
3185,10,16,4049.2799999999997
3186,65,12,6846.9
3187,7,14,6290.139999999999
3188,3,12,5643.38
3189,2,14,9260.84
3190,42,11,5648.5
3191,0,23,13901.43
3192,11,8,4017.81
3193,21,13,3841.3900000000003
3194,81,9,2899.36
3195,2,18,5382.92
3196,55,13,8427.04
3197,36,18,7612.08
3198,3,9,3341.87
3199,1,10,3205.22
3200,67,12,4055.57
3201,39,13,4810.46
3202,10,15,7021.24
3203,2,10,3629.02
3204,10,8,2896.59
3205,38,9,3463.25
3206,1,15,6595.16
3207,4,12,3968.96
3208,24,10,4296.55
3209,10,16,7605.54
3210,66,12,2859.83
3211,25,14,8257.16
3212,113,7,2777.9700000000003
3213,4,10,3688.48
3214,25,13,5282.1900000000005
3215,19,15,6932.97
3216,17,19,6906.29
3217,6,13,7222.83
3218,29,15,7586.1
3219,91,6,4245.54
3220,5,20,10362.35
3221,30,11,4878.71
3222,9,14,6478.05
3223,18,12,6675.18
3224,21,18,8630.81
3225,58,11,5300.13
3226,2,18,7216.65
3227,17,11,5227.33
3228,0,22,10792.48
3229,16,18,8588.35
3230,40,15,6943.21
3231,67,10,5179.61
3232,52,13,6719.2
3233,3,22,8160.14
3234,5,14,4746.48
3235,47,5,1590.52
3236,39,17,5897.92
3237,25,14,5362.82
3238,5,10,3785.62
3239,40,15,6805.68
3240,0,9,4005.03
3241,28,12,3850.9
3242,39,7,3529.91
3243,151,7,3762.15
3244,17,19,6974.11
3245,29,19,8927.13
3246,16,12,4412.639999999999
3247,23,12,8764.53
3248,32,14,6647.1
3249,34,14,5930.61
3250,50,11,6358.889999999999
3251,40,17,7436.38
3252,36,11,4035.43
3253,45,5,1321.71
3254,4,11,4571.7
3255,53,7,2891.06
3256,2,18,9118.02
3257,3,15,7773.5
3258,40,18,6566.63
3259,3,15,10217.59
3260,59,8,4434.14
3261,8,14,5389.24
3262,17,18,6227.0
3263,9,10,4647.51
3264,18,12,5370.93
3265,37,11,4590.53
3266,82,11,5589.0
3267,181,9,5175.35
3268,27,7,1535.47
3269,35,7,3229.68
3270,58,4,1777.37
3271,95,9,9169.94
3272,74,14,5896.5
3273,19,11,5679.389999999999
3274,1,16,10463.95
3275,55,17,7149.21
3276,16,14,5614.76
3277,14,10,4133.27
3278,2,13,6698.099999999999
3279,84,11,3379.34
3280,66,10,3946.34
3281,5,19,6609.16
3282,8,10,4826.96
3283,25,12,4077.89
3284,25,19,9732.54
3285,18,9,4690.2300000000005
3286,86,12,3178.95
3287,8,12,3535.0
3288,17,14,5749.25
3289,31,9,4409.610000000001
3290,13,16,5652.76
3291,30,12,4950.01
3292,13,8,2693.08
3293,18,19,7436.28
3294,61,12,5533.22
3295,14,17,5284.88
3296,10,18,6153.21
3297,8,6,1623.2
3298,45,11,6147.37
3299,15,11,4667.43
3300,3,13,4744.3
3301,0,13,7605.39
3302,74,10,2909.87
3303,13,10,4405.96
3304,51,14,3697.39
3305,49,8,3059.22
3306,9,14,5545.06
3307,14,11,6861.79
3308,15,14,8706.19
3309,31,11,4107.53
3310,13,18,6048.29
3311,6,9,7571.33
3312,12,17,8733.56
3313,2,14,4860.17
3314,6,10,2580.3
3315,14,21,11536.03
3316,18,19,9925.5
3317,39,15,9686.54
3318,32,16,6055.6
3319,5,14,4225.66
3320,7,16,8885.03
3321,20,12,5925.68
3322,44,14,4918.63
3323,10,11,3639.63
3324,2,15,4032.33
3325,3,10,3747.85
3326,24,12,6982.66
3327,12,10,3400.0499999999997
3328,41,7,2540.11
3329,50,13,6318.1
3330,3,12,5789.7699999999995
3331,24,13,4978.97
3332,0,16,5561.97
3333,27,18,8664.4
3334,7,12,5760.89
3335,8,14,3209.19
3336,19,8,3482.86
3337,7,10,8740.73
3338,35,12,6408.0199999999995
3339,3,15,4313.09
3340,42,11,5886.9800000000005
3341,8,9,5012.82
3342,27,6,1302.13
3343,12,11,2922.63
3344,19,8,1968.6399999999999
3345,6,12,6126.06
3346,4,6,1091.3
3347,17,12,4278.46
3348,27,14,4135.639999999999
3349,130,8,2909.9300000000003
3350,13,12,4570.12
3351,45,15,5402.62
3352,18,17,6327.08
3353,4,13,4645.83
3354,38,15,6534.71
3355,5,9,3165.86
3356,41,13,5937.12
3357,25,15,5526.29
3358,26,13,6081.97
3359,3,15,6534.27
3360,35,14,5299.63
3361,36,18,9953.99
3362,5,18,6756.24
3363,86,11,6228.530000000001
3364,29,13,6888.8
3365,50,16,7802.49
3366,5,10,3809.23
3367,10,16,11233.01
3368,9,17,5169.32
3369,3,16,5819.59
3370,27,8,3753.63
3371,12,16,11170.58
3372,13,12,5766.67
3373,37,15,4656.05
3374,36,17,8981.54
3375,38,10,4273.38
3376,13,11,6343.7
3377,11,12,4438.88
3378,26,7,3457.3
3379,67,14,5944.46
3380,24,13,5811.099999999999
3381,5,14,8423.02
3382,33,16,4249.68
3383,0,13,7656.71
3384,50,12,5450.28
3385,3,14,6179.0
3386,6,12,5261.25
3387,18,15,6620.96
3388,7,11,4719.0
3389,12,14,8558.449999999999
3390,19,16,5493.41
3391,30,16,7824.28
3392,42,8,4147.74
3393,48,16,6848.94
3394,0,12,3786.23
3395,71,7,2841.96
3396,12,15,4797.97
3397,37,10,4621.22
3398,40,9,2760.89
3399,19,19,8774.19
3400,13,13,6040.63
3401,129,4,1365.88
3402,0,17,7343.02
3403,24,11,4617.27
3404,54,15,5956.42
3405,20,12,3194.0
3406,11,10,2957.88
3407,134,10,4477.71
3408,5,13,4643.36
3409,11,15,5527.91
3410,44,12,6180.8099999999995
3411,5,11,5136.14
3412,15,23,9535.39
3413,10,11,3634.04
3414,3,12,4830.39
3415,17,12,4229.95
3416,3,11,3960.14
3417,4,10,6108.36
3418,3,19,6329.05
3419,3,10,3295.0
3420,29,13,5122.85
3421,57,12,4362.93
3422,38,18,8141.25
3423,1,8,2805.5099999999998
3424,0,11,5301.6
3425,3,9,2878.0
3426,11,10,3944.83
3427,36,9,3244.92
3428,9,13,4476.55
3429,0,14,5047.65
3430,20,12,5035.02
3431,2,13,6784.82
3432,9,18,7269.77
3433,54,12,6638.820000000001
3434,58,17,8255.49
3435,37,11,3598.76
3436,16,11,3564.12
3437,2,20,6745.56
3438,10,13,5052.45
3439,8,16,5463.92
3440,10,13,4920.599999999999
3441,6,22,11307.64
3442,55,21,9460.46
3443,59,10,3896.3100000000004
3444,19,11,5276.8
3445,33,14,5543.78
3446,25,12,7885.4400000000005
3447,84,11,5247.62
3448,17,18,7798.82
3449,24,14,6701.41
3450,31,20,9640.95
3451,39,17,8566.32
3452,6,6,2301.5
3453,54,11,3178.77
3454,1,9,4520.030000000001
3455,17,19,8593.01
3456,13,12,2564.81
3457,3,13,4481.66
3458,8,18,8641.51
3459,14,10,4198.0599999999995
3460,58,12,4575.53
3461,40,15,5458.1
3462,7,15,8813.65
3463,25,12,5301.1900000000005
3464,1,7,5109.83
3465,39,10,4465.51
3466,50,7,4419.49
3467,1,12,4226.8
3468,2,15,5790.16
3469,12,11,5921.37
3470,181,3,834.15
3471,158,8,2020.52
3472,46,17,7430.98
3473,36,17,11460.68
3474,30,13,6504.49
3475,55,12,4075.01
3476,9,14,6788.89
3477,7,14,5321.04
3478,33,14,5279.67
3479,87,10,4064.92
3480,20,10,4386.53
3481,1,14,6494.3099999999995
3482,14,21,13168.34
3483,9,16,5709.29
3484,43,14,5005.62
3485,82,8,4279.85
3486,7,8,5724.63
3487,11,18,6190.09
3488,2,16,6268.14
3489,5,10,4767.450000000001
3490,4,10,3404.14
3491,47,10,4183.85
3492,21,10,3223.73
3493,45,14,5146.38
3494,50,14,8281.95
3495,7,10,4373.21
3496,10,12,4051.21
3497,19,13,5676.92
3498,30,8,3512.0
3499,27,19,7031.030000000001
3500,14,15,4779.97
3501,54,12,4919.71
3502,55,16,7686.93
3503,35,10,4821.18
3504,12,13,5364.83
3505,1,18,5853.29
3506,4,17,9009.23
3507,0,14,5272.25
3508,31,10,4791.73
3509,63,13,6086.52
3510,49,19,7497.09
3511,39,11,5709.49
3512,20,16,7415.45
3513,11,22,8078.51
3514,50,10,3530.86
3515,9,16,7069.76
3516,76,13,6136.35
3517,11,11,4219.98
3518,7,18,9833.41
3519,17,12,6502.35
3520,9,9,5774.2699999999995
3521,7,19,9669.43
3522,24,21,8674.89
3523,14,15,8540.43
3524,49,16,6247.01
3525,4,13,10362.71
3526,17,8,4425.68
3527,6,10,6009.219999999999
3528,11,9,3403.4
3529,8,17,4868.34
3530,46,13,7596.86
3531,5,17,9209.14
3532,10,15,6456.07
3533,33,11,5451.84
3534,112,10,4085.66
3535,12,18,6660.99
3536,26,12,2852.4
3537,75,7,2415.44
3538,13,12,7202.6900000000005
3539,2,10,5333.74
3540,12,7,2927.05
3541,38,18,7987.68
3542,17,17,8073.96
3543,148,7,2206.04
3544,37,13,7887.889999999999
3545,20,10,2381.75
3546,9,8,6267.05
3547,48,6,5658.92
3548,58,9,3911.3
3549,30,18,8914.46
3550,0,8,4247.05
3551,31,15,7944.46
3552,15,15,5291.63
3553,22,14,3639.2999999999997
3554,55,6,3096.85
3555,52,13,4096.33
3556,17,17,5239.92
3557,9,16,7548.650000000001
3558,73,11,3830.13
3559,17,17,10538.86
3560,39,14,6311.26
3561,14,19,7705.9800000000005
3562,2,15,6963.389999999999
3563,25,12,5702.01
3564,96,10,3276.89
3565,7,9,2981.96
3566,39,14,6900.82
3567,45,17,6470.7
3568,52,14,5423.25
3569,40,9,1862.6
3570,3,8,2604.6400000000003
3571,11,13,5640.49
3572,11,16,5339.49
3573,11,17,9970.48
3574,13,10,5485.93
3575,15,13,5916.7
3576,41,13,4859.59
3577,8,20,8294.55
3578,101,13,3759.69
3579,65,11,5090.04
3580,7,11,3426.95
3581,22,11,3916.9300000000003
3582,79,10,6919.32
3583,50,9,3879.87
3584,8,14,4025.17
3585,29,19,9067.66
3586,3,16,9474.46
3587,18,13,6423.54
3588,6,13,5865.5
3589,32,15,7543.68
3590,63,14,5007.48
3591,33,19,11513.72
3592,12,7,2003.67
3593,6,8,4547.92
3594,23,12,4446.89
3595,85,13,5306.83
3596,11,15,6333.91
3597,44,10,4103.87
3598,19,15,5716.01
3599,7,10,3451.85
3600,5,15,5966.75
3601,17,13,8355.6
3602,21,18,9827.88
3603,13,17,7181.99
3604,83,14,6091.51
3605,50,14,7000.650000000001
3606,22,17,8005.67
3607,84,14,8152.48
3608,23,12,4143.27
3609,47,12,6446.02
3610,6,8,2894.52
3611,127,12,4502.24
3612,8,10,3399.52
3613,38,18,8461.57
3614,84,8,3304.39
3615,4,12,5707.56
3616,3,11,5181.25
3617,50,15,6851.64
3618,8,15,6353.87
3619,14,12,3490.29
3620,6,17,8540.79
3621,67,10,5214.83
3622,5,15,6259.099999999999
3623,5,19,7459.32
3624,44,13,5845.61
3625,4,12,3212.9
3626,27,7,2231.97
3627,73,14,5235.26
3628,13,13,6461.51
3629,6,16,7363.45
3630,110,9,3514.9
3631,11,15,7117.57
3632,10,10,3675.06
3633,106,14,8353.32
3634,15,17,6252.73
3635,36,14,5939.57
3636,7,13,3886.21
3637,37,12,3182.36
3638,7,10,4775.53
3639,45,14,5577.3099999999995
3640,3,13,5696.46
3641,6,9,4631.51
3642,13,17,8541.61
3643,39,15,4530.82
3644,10,18,8671.710000000001
3645,20,13,9647.4
3646,0,8,3751.23
3647,21,10,3688.63
3648,6,7,3553.7200000000003
3649,0,15,4444.63
3650,40,17,6973.72
3651,53,14,6663.82
3652,8,15,7223.79
3653,36,6,1518.5900000000001
3654,7,14,4769.51
3655,12,17,6021.74
3656,71,11,2994.44
3657,1,15,6203.3
3658,19,21,7456.32
3659,16,14,8163.34
3660,72,11,6762.66
3661,24,12,4035.02
3662,86,11,7554.610000000001
3663,99,10,3203.31
3664,3,23,6568.07
3665,10,16,11188.45
3666,67,9,4043.75
3667,4,17,8761.16
3668,44,17,8432.69
3669,7,20,9664.94
3670,16,8,3798.71
3671,141,9,4507.3099999999995
3672,178,13,9642.03
3673,9,18,9655.13
3674,6,21,8981.74
3675,3,14,7555.39
3676,35,10,4115.73
3677,17,11,6146.34
3678,14,15,8092.41
3679,18,20,6624.41
3680,1,13,5565.860000000001
3681,18,4,1346.63
3682,25,7,3050.95
3683,4,18,10035.94
3684,17,13,7124.41
3685,56,8,3533.93
3686,31,18,7443.84
3687,1,14,9664.81
3688,17,13,4769.82
3689,44,8,4010.84
3690,14,11,4319.96
3691,75,14,5231.77
3692,10,16,6081.85
3693,8,13,6184.49
3694,29,16,4771.62
3695,71,13,4901.54
3696,36,11,6936.3
3697,57,7,2216.81
3698,11,9,4634.38
3699,47,10,6794.99
3700,17,16,7590.93
3701,30,9,5510.3099999999995
3702,1,13,5225.44
3703,20,6,2981.36
3704,15,13,4380.61
3705,41,10,3272.19
3706,17,9,3451.75
3707,22,6,4819.32
3708,3,9,3840.3999999999996
3709,10,11,4767.37
3710,10,13,4922.51
3711,9,15,5500.7
3712,38,12,4579.79
3713,18,19,8473.51
3714,16,16,10428.11
3715,5,7,1785.5900000000001
3716,4,16,6370.53
3717,12,14,5792.18
3718,1,15,3752.4900000000002
3719,19,13,3814.83
3720,12,14,5694.85
3721,38,6,3476.65
3722,8,13,7338.4
3723,39,12,4538.0199999999995
3724,1,16,7421.7300000000005
3725,0,18,6845.25
3726,17,13,3500.75
3727,5,21,9413.08
3728,17,14,4243.3
3729,8,14,8818.36
3730,69,12,2656.61
3731,39,12,5233.92
3732,2,11,2546.06
3733,10,17,5974.79
3734,6,6,3495.82
3735,23,8,5053.4
3736,32,18,7646.41
3737,4,19,8566.94
3738,31,6,2221.74
3739,19,15,5606.38
3740,19,13,4369.55
3741,0,9,3194.83
3742,19,18,9521.279999999999
3743,158,16,6218.09
3744,36,8,3379.26
3745,1,12,3247.93
3746,3,12,3321.22
3747,0,14,7791.9800000000005
3748,103,20,9512.87
3749,11,16,5666.08
3750,71,13,4407.47
3751,21,16,6091.77
3752,12,10,3817.19
3753,55,10,3680.86
3754,26,14,7047.46
3755,8,10,4569.150000000001
3756,21,11,4413.1
3757,1,12,4533.47
3758,11,15,6818.95
3759,36,12,5470.9400000000005
3760,36,8,3731.36
3761,18,15,4243.66
3762,73,8,4895.65
3763,7,14,7967.45
3764,31,12,4266.099999999999
3765,0,20,10119.89
3766,3,20,8031.98
3767,55,14,7695.45
3768,81,8,2619.4300000000003
3769,18,12,8663.65
3770,14,14,3540.14
3771,7,8,3566.44
3772,13,13,4345.22
3773,14,8,2664.29
3774,14,11,5710.41
3775,38,7,2446.04
3776,38,12,4247.85
3777,0,18,9268.98
3778,21,16,7673.13
3779,3,18,5988.85
3780,49,11,2807.25
3781,11,6,3084.31
3782,63,10,5889.9
3783,3,22,7069.57
3784,5,16,6745.860000000001
3785,9,15,4567.64
3786,11,16,4146.76
3787,5,14,7243.1
3788,9,15,7611.31
3789,7,13,4763.03
3790,7,13,5105.11
3791,24,14,3621.84
3792,28,16,7235.04
3793,10,16,5755.91
3794,34,15,7037.95
3795,25,16,5718.32
3796,6,11,3798.95
3797,10,21,8199.63
3798,3,13,5029.6900000000005
3799,16,14,5182.7
3800,129,4,544.27
3801,11,13,5502.89
3802,9,17,4272.12
3803,25,13,7887.08
3804,56,7,2866.0
3805,17,18,8384.16
3806,144,9,4266.99
3807,42,11,2803.54
3808,17,16,7506.9
3809,47,10,5914.33
3810,0,11,3435.77
3811,12,19,8001.860000000001
3812,40,21,10029.33
3813,38,11,4513.36
3814,20,12,4593.14
3815,59,8,4153.49
3816,33,14,7460.29
3817,15,14,5147.41
3818,6,16,5717.58
3819,26,12,5291.41
3820,3,15,6498.17
3821,50,10,4403.49
3822,26,17,8987.33
3823,2,17,9848.6
3824,68,5,1241.38
3825,3,15,5323.49
3826,37,15,5940.22
3827,37,11,7444.67
3828,24,19,9626.210000000001
3829,48,15,6211.9400000000005
3830,14,11,3278.81
3831,6,12,5786.79
3832,1,15,7431.18
3833,13,14,6123.95
3834,48,10,3243.2799999999997
3835,0,16,5802.22
3836,1,17,9664.61
3837,46,15,8918.47
3838,115,14,6662.5
3839,6,15,6417.89
3840,59,15,7536.41
3841,5,13,7651.25
3842,36,14,7306.84
3843,56,14,5228.43
3844,45,6,2448.94
3845,46,14,5865.7699999999995
3846,40,15,8196.35
3847,45,10,2853.23
3848,8,14,4878.66
3849,57,11,2798.38
3850,51,11,5934.54
3851,17,15,7833.95
3852,10,10,3720.59
3853,18,16,4923.76
3854,59,7,1341.1599999999999
3855,38,10,3529.42
3856,21,13,6238.91
3857,7,14,5707.77
3858,17,13,3476.62
3859,57,17,7831.42
3860,39,18,8684.1
3861,81,10,3614.39
3862,17,20,7591.94
3863,83,14,6589.01
3864,9,13,5616.12
3865,37,14,6863.06
3866,85,16,6858.67
3867,4,23,10791.76
3868,11,11,5180.9800000000005
3869,26,21,6092.49
3870,11,13,3574.79
3871,138,15,5653.47
3872,59,11,3238.74
3873,25,12,4188.52
3874,10,9,3188.35
3875,7,12,6067.18
3876,60,20,10059.27
3877,129,10,3962.87
3878,12,8,3790.89
3879,69,9,3331.05
3880,5,10,4258.94
3881,18,9,4024.88
3882,3,13,3842.13
3883,31,9,3348.76
3884,50,14,7343.82
3885,20,16,8141.64
3886,46,7,2571.18
3887,6,15,7019.93
3888,12,16,6348.61
3889,12,10,3766.2200000000003
3890,2,13,5666.49
3891,18,11,5347.22
3892,23,10,4634.13
3893,32,15,8101.91
3894,107,11,4686.77
3895,1,18,11953.1
3896,4,10,2586.62
3897,50,14,4329.15
3898,12,12,5506.55
3899,45,12,5658.16
3900,30,7,2827.17
3901,45,13,5302.67
3902,67,15,6064.26
3903,11,15,6414.71
3904,11,10,4352.61
3905,31,20,9089.68
3906,0,14,5727.34
3907,60,11,4569.53
3908,44,12,2679.15
3909,3,9,5333.38
3910,44,10,3963.8799999999997
3911,23,16,7400.24
3912,34,10,4139.16
3913,186,4,1262.23
3914,40,13,4352.639999999999
3915,33,6,3557.63
3916,21,12,7922.8099999999995
3917,9,14,4477.43
3918,8,12,5020.240000000001
3919,46,10,5968.19
3920,10,15,5480.860000000001
3921,5,16,5137.33
3922,39,13,5591.610000000001
3923,70,11,3216.19
3924,20,9,6477.860000000001
3925,10,11,4842.15
3926,5,12,3895.61
3927,45,12,4950.87
3928,9,14,4752.3
3929,11,19,7547.6
3930,42,15,5908.01
3931,6,13,4606.0599999999995
3932,105,13,6404.07
3933,7,12,5610.61
3934,66,12,5535.25
3935,3,10,3151.0699999999997
3936,6,15,5452.38
3937,39,12,2933.2200000000003
3938,33,8,1921.19
3939,13,10,4667.37
3940,4,13,4706.99
3941,1,16,9850.24
3942,12,14,6108.91
3943,11,13,3278.8
3944,37,8,2335.26
3945,44,14,7801.57
3946,10,14,7244.67
3947,1,14,7140.969999999999
3948,3,18,6141.39
3949,10,19,7324.31
3950,22,7,3800.37
3951,1,12,4752.56
3952,10,18,7656.05
3953,11,11,4357.81
3954,50,13,5087.4
3955,20,17,7764.65
3956,22,12,5890.78
3957,11,13,6481.360000000001
3958,10,13,5844.2
3959,27,15,7317.860000000001
3960,15,18,8518.62
3961,81,15,7530.83
3962,27,14,3878.08
3963,52,12,6983.12
3964,10,15,6951.54
3965,4,12,3892.2
3966,34,12,4592.51
3967,10,20,8036.349999999999
3968,5,16,8941.57
3969,2,16,6755.15
3970,4,9,6859.15
3971,112,13,5318.23
3972,20,12,6923.82
3973,69,17,9113.66
3974,12,16,8084.68
3975,25,12,5439.96
3976,2,18,8951.44
3977,3,15,7088.77
3978,54,5,2237.2200000000003
3979,18,14,6217.33
3980,39,7,2312.67
3981,14,7,2599.18
3982,39,13,5541.49
3983,10,16,8725.65
3984,11,11,4322.13
3985,29,13,5948.0
3986,14,15,6961.88
3987,26,9,2481.36
3988,13,16,10484.33
3989,20,8,3766.24
3990,45,13,4553.24
3991,23,17,7660.4400000000005
3992,42,8,4027.9900000000002
3993,27,13,8182.56
3994,11,20,8518.6
3995,23,13,3448.25
3996,45,10,4001.66
3997,7,20,9098.43
3998,8,12,4104.62
3999,32,14,6372.89
4000,19,19,7708.09
4001,66,11,4894.24
4002,54,10,3734.17
4003,4,14,6968.64
4004,29,13,4275.11
4005,26,10,4206.71
4006,65,11,5078.85
4007,7,8,5418.58
4008,3,17,9210.55
4009,1,11,2568.4700000000003
4010,11,6,3147.79
4011,72,12,6205.58
4012,6,15,5875.54
4013,10,16,6132.93
4014,35,9,2380.5299999999997
4015,22,13,4260.11
4016,6,14,4146.22
4017,37,10,2925.89
4018,27,6,3176.7
4019,41,9,4113.83
4020,72,14,7531.7699999999995
4021,41,9,3221.15
4022,23,14,4350.3
4023,1,13,4055.75
4024,10,13,5166.59
4025,63,8,3253.01
4026,46,19,11718.53
4027,52,7,2007.5
4028,10,17,11307.51
4029,5,6,2569.9
4030,59,12,3721.09
4031,42,8,8771.32
4032,47,11,6546.110000000001
4033,12,7,4115.280000000001
4034,40,17,6807.34
4035,27,10,4473.05
4036,46,12,3909.75
4037,94,14,5644.35
4038,11,11,3617.6
4039,24,19,7565.03
4040,41,11,8241.74
4041,29,10,4666.7
4042,17,13,6618.9
4043,10,15,6401.46
4044,11,8,3497.37
4045,22,11,3709.26
4046,15,10,2564.85
4047,14,12,5286.45
4048,16,16,8519.55
4049,38,17,8328.73
4050,74,10,5061.28
4051,11,12,5126.14
4052,31,7,2188.62
4053,5,13,9524.369999999999
4054,39,11,3048.9
4055,8,11,6981.08
4056,39,13,5748.37
4057,76,9,3563.83
4058,23,9,4692.52
4059,8,10,5743.01
4060,1,15,7329.71
4061,6,12,5301.13
4062,67,10,4038.06
4063,2,15,8200.72
4064,42,15,5794.52
4065,24,13,7325.75
4066,0,9,4048.55
4067,62,11,4903.1900000000005
4068,10,21,7515.99
4069,14,10,6574.83
4070,1,14,4502.99
4071,0,15,6392.62
4072,9,15,9371.1
4073,60,19,11644.36
4074,169,8,3080.0299999999997
4075,36,11,7546.2
4076,17,14,5009.18
4077,5,9,4269.68
4078,88,11,5232.21
4079,2,14,6521.5
4080,0,18,11085.15
4081,62,16,7283.03
4082,7,8,3322.18
4083,11,19,7847.55
4084,39,6,2986.07
4085,18,9,2911.24
4086,7,17,6115.58
4087,3,16,12475.05
4088,47,12,5780.88
4089,28,14,6358.1900000000005
4090,64,15,5087.41
4091,0,12,7245.77
4092,2,15,7325.03
4093,8,15,8267.05
4094,13,14,7047.1
4095,54,11,3689.0299999999997
4096,0,9,2450.01
4097,28,11,5755.55
4098,6,17,7489.099999999999
4099,18,11,6417.97
4100,16,15,6742.19
4101,1,15,9783.48
4102,83,10,4352.97
4103,22,14,4959.92
4104,33,12,4883.27
4105,1,15,7238.32
4106,28,9,5692.58
4107,112,11,4748.23
4108,63,12,2026.88
4109,19,13,5384.28
4110,60,11,2711.16
4111,9,12,5534.09
4112,28,13,5120.23
4113,10,12,5989.29
4114,8,12,5242.18
4115,14,10,3625.56
4116,26,11,5575.2300000000005
4117,5,13,4740.34
4118,6,12,4303.14
4119,13,9,1826.55
4120,3,10,5139.71
4121,26,21,7852.11
4122,7,8,3407.95
4123,5,10,4599.97
4124,3,13,5640.96
4125,5,18,6485.03
4126,64,13,6087.86
4127,40,10,5141.01
4128,0,17,5810.31
4129,4,16,5814.16
4130,32,8,3994.69
4131,5,16,6807.76
4132,11,14,7216.24
4133,37,11,5825.17
4134,12,13,5902.2
4135,31,14,5332.26
4136,13,17,8184.91
4137,7,14,5653.37
4138,39,16,10835.7
4139,2,10,2657.43
4140,17,14,7092.71
4141,19,9,5635.26
4142,13,10,3907.23
4143,6,6,2371.75
4144,48,8,3003.62
4145,38,15,5776.84
4146,17,17,5634.24
4147,24,17,6115.0
4148,82,11,5369.45
4149,21,14,5053.99
4150,21,13,7083.23
4151,3,16,6279.5
4152,26,11,4532.38
4153,9,18,7348.4800000000005
4154,89,14,5685.99
4155,18,15,7415.51
4156,1,12,3656.56
4157,3,11,7055.8
4158,14,8,3920.73
4159,11,15,6647.75
4160,24,12,4471.51
4161,33,14,4521.27
4162,10,8,3347.03
4163,13,9,4137.6
4164,41,20,9579.31
4165,50,9,2436.52
4166,23,9,3788.6800000000003
4167,23,12,4735.55
4168,8,15,7670.78
4169,29,7,3602.2799999999997
4170,8,15,6992.24
4171,21,14,4956.47
4172,22,17,7817.22
4173,5,20,8578.82
4174,2,11,3155.2000000000003
4175,15,13,6417.67
4176,79,10,5389.64
4177,15,13,5749.58
4178,55,9,4794.26
4179,1,12,4882.42
4180,36,11,6182.78
4181,33,13,5881.7699999999995
4182,92,9,4072.76
4183,66,10,5326.2699999999995
4184,1,16,6505.63
4185,36,10,5866.52
4186,36,10,3660.48
4187,60,14,6874.610000000001
4188,53,9,3782.3100000000004
4189,0,19,7277.48
4190,8,17,5469.54
4191,19,11,5120.75
4192,10,16,5784.5599999999995
4193,2,6,1365.8600000000001
4194,24,8,4110.8099999999995
4195,15,15,7916.75
4196,40,13,6122.18
4197,15,9,3255.97
4198,12,17,10384.47
4199,8,12,5266.85
4200,8,14,5505.33
4201,30,17,9451.94
4202,99,11,5655.59
4203,10,14,8447.69
4204,0,15,5167.63
4205,54,10,2119.7599999999998
4206,17,12,3228.2200000000003
4207,17,17,10351.16
4208,4,20,6964.01
4209,30,11,5226.8099999999995
4210,86,7,1892.63
4211,59,6,4867.81
4212,0,14,5220.860000000001
4213,0,17,6494.5
4214,5,13,4277.97
4215,28,19,7651.04
4216,4,13,6663.15
4217,14,16,7048.59
4218,70,9,5356.0
4219,8,8,2539.56
4220,36,12,5090.41
4221,18,14,6864.94
4222,17,12,3509.81
4223,38,15,3404.0
4224,6,15,9379.52
4225,5,10,4552.9400000000005
4226,86,11,3857.69
4227,54,12,5446.03
4228,7,11,4616.38
4229,7,13,5307.96
4230,4,13,3881.13
4231,66,11,3574.7000000000003
4232,37,9,2166.82
4233,23,11,5359.1
4234,15,16,6588.48
4235,78,9,4092.51
4236,36,14,6864.18
4237,21,16,8504.95
4238,25,17,4856.89
4239,35,14,5268.33
4240,20,10,4890.35
4241,42,11,5514.44
4242,17,18,7566.06
4243,60,10,3133.93
4244,4,14,5187.1
4245,50,13,4487.45
4246,21,13,5566.5599999999995
4247,10,15,4995.73
4248,24,11,4115.900000000001
4249,35,12,8234.25
4250,12,15,7338.27
4251,67,10,3120.51
4252,3,8,3028.29
4253,4,9,3345.11
4254,64,13,4546.3
4255,40,15,6292.08
4256,3,15,9071.44
4257,101,11,4568.88
4258,7,14,5607.4
4259,27,7,2467.22
4260,22,11,7269.45
4261,114,12,4741.18
4262,8,11,3336.37
4263,13,12,3648.6
4264,31,10,6417.549999999999
4265,54,16,7735.320000000001
4266,36,3,1016.44
4267,54,15,5161.48
4268,4,18,9811.26
4269,4,5,1354.07
4270,52,18,7649.51
4271,65,16,8556.78
4272,10,9,5788.69
4273,39,15,7573.87
4274,20,16,7161.82
4275,91,11,2661.74
4276,77,15,5932.21
4277,26,14,4737.92
4278,8,7,2822.15
4279,3,15,5943.16
4280,18,12,4417.55
4281,36,8,1823.51
4282,1,16,7607.23
4283,14,14,9768.23
4284,38,10,3949.04
4285,81,7,1612.91
4286,10,8,1272.55
4287,92,4,2072.55
4288,48,7,2961.11
4289,18,12,7152.51
4290,9,12,4843.11
4291,8,9,3023.23
4292,4,14,7563.43
4293,22,11,5816.23
4294,24,18,6492.21
4295,76,6,2995.21
4296,31,16,7356.84
4297,53,18,6145.61
4298,6,11,5243.12
4299,8,9,4575.47
4300,20,6,2702.2000000000003
4301,2,6,4574.75
4302,31,19,6845.31
4303,0,10,3022.0
4304,36,9,3739.6800000000003
4305,47,8,1388.26
4306,3,14,7606.54
4307,0,15,4671.12
4308,1,10,2918.9
4309,3,11,4260.43
4310,100,11,3684.17
4311,40,19,7147.2
4312,33,9,6090.91
4313,60,13,5077.35
4314,9,16,7990.46
4315,12,8,2687.7999999999997
4316,10,19,7547.13
4317,47,10,4230.77
4318,39,12,4281.67
4319,55,12,3882.09
4320,3,17,8175.3099999999995
4321,3,14,7905.63
4322,30,12,6228.299999999999
4323,67,8,2966.4700000000003
4324,120,11,5571.4800000000005
4325,60,13,5068.08
4326,3,9,4069.59
4327,23,14,5826.99
4328,17,14,6612.34
4329,8,9,3471.31
4330,1,12,6568.79
4331,43,15,5788.03
4332,8,19,7239.04
4333,8,13,4008.22
4334,1,11,6509.29
4335,35,6,2809.52
4336,18,10,5046.72
4337,0,10,3680.2
4338,17,14,4075.82
4339,7,11,6667.49
4340,7,7,1087.0
4341,85,10,6734.75
4342,1,14,6241.92
4343,47,10,3110.92
4344,123,13,6958.21
4345,45,15,8078.76
4346,2,6,2810.21
4347,10,12,2184.96
4348,8,14,5941.51
4349,16,17,9622.09
4350,5,17,6112.55
4351,7,10,5428.400000000001
4352,3,14,6104.15
4353,66,15,5189.9800000000005
4354,70,13,6265.42
4355,37,10,3996.18
4356,10,3,1195.63
4357,16,12,4483.24
4358,45,13,5144.68
4359,70,10,4171.61
4360,53,9,4050.66
4361,11,12,3777.85
4362,8,15,7438.21
4363,30,8,2823.7
4364,11,7,2248.72
4365,84,9,3291.38
4366,8,11,3418.84
4367,4,7,3027.4100000000003
4368,3,15,6030.38
4369,75,12,3801.65
4370,36,9,3259.0699999999997
4371,45,12,2565.7
4372,7,15,4973.07
4373,36,6,2573.73
4374,11,12,6066.0
4375,1,18,8013.86
4376,7,12,3548.57
4377,19,11,3794.9900000000002
4378,27,8,3603.22
4379,3,11,4172.38
4380,8,9,2558.56
4381,23,7,3350.01
4382,16,8,3908.12
4383,59,15,4894.2300000000005
4384,10,12,5794.0599999999995
4385,10,15,6938.99
4386,50,10,4056.08
4387,26,12,5233.77
4388,33,10,4685.95
4389,28,17,7852.9
4390,106,9,3996.63
4391,29,9,4143.67
4392,33,14,6672.56
4393,40,11,4420.25
4394,39,14,7245.2699999999995
4395,6,12,7261.69
4396,16,9,6278.84
4397,0,13,5233.68
4398,11,18,6175.87
4399,3,11,3671.89
4400,60,7,3735.15
4401,24,11,4721.26
4402,24,11,3149.1
4403,27,10,3722.0
4404,8,7,3405.99
4405,47,9,3601.37
4406,8,8,4745.780000000001
4407,32,13,7779.76
4408,12,12,5837.26
4409,61,8,2728.0
4410,0,16,7360.41
4411,5,13,6025.19
4412,36,16,4975.05
4413,9,9,3811.45
4414,36,17,9388.93
4415,4,16,5403.28
4416,29,17,11290.6
4417,3,14,4463.11
4418,17,10,4416.55
4419,1,15,8081.55
4420,39,13,5972.63
4421,17,18,7248.22
4422,0,11,5449.06
4423,139,7,2016.04
4424,13,13,6501.36
4425,0,14,8475.58
4426,26,10,4461.86
4427,98,13,5801.52
4428,0,10,3600.49
4429,45,10,4465.0
4430,120,7,5904.22
4431,88,8,2820.13
4432,21,17,5887.94
4433,8,16,8593.51
4434,91,8,3974.24
4435,31,12,4354.48
4436,34,11,3499.89
4437,7,10,4490.49
4438,29,13,4331.08
4439,0,10,3567.9700000000003
4440,10,13,6319.51
4441,3,13,6727.68
4442,7,14,4932.78
4443,1,23,9591.04
4444,18,16,8908.87
4445,13,14,8358.76
4446,60,13,5291.49
4447,80,13,6530.42
4448,71,10,3635.66
4449,45,10,4599.18
4450,70,7,4346.58
4451,13,15,6666.38
4452,28,12,5529.63
4453,10,12,4230.25
4454,47,7,3387.29
4455,10,21,9835.56
4456,70,13,6599.19
4457,69,13,5615.65
4458,66,8,4681.46
4459,0,13,6379.25
4460,8,14,5084.47
4461,11,13,4205.41
4462,67,12,4493.09
4463,29,7,1893.04
4464,51,16,5825.8099999999995
4465,3,15,8533.42
4466,34,12,3947.7200000000003
4467,10,13,7416.51
4468,20,14,5278.41
4469,4,14,7178.26
4470,41,9,4778.15
4471,104,11,5907.7699999999995
4472,79,13,5628.56
4473,0,16,7295.2699999999995
4474,105,14,6007.63
4475,9,7,3743.08
4476,10,10,2607.17
4477,10,13,5979.45
4478,14,16,7217.639999999999
4479,11,9,3945.74
4480,68,13,4550.360000000001
4481,59,10,7131.04
4482,20,17,7921.4800000000005
4483,8,15,4318.41
4484,28,10,4433.27
4485,38,16,8516.25
4486,44,11,4665.02
4487,21,13,6956.31
4488,6,14,5003.32
4489,4,14,4900.99
4490,7,18,8318.66
4491,31,12,4831.71
4492,17,14,7174.96
4493,12,10,2736.74
4494,27,14,6817.04
4495,6,18,7242.71
4496,1,10,3360.0699999999997
4497,50,8,3773.84
4498,51,11,6246.97
4499,76,15,4554.68
4500,26,7,1955.2
4501,61,15,4582.14
4502,38,16,7616.94
4503,60,15,3508.2
4504,16,20,12606.24
4505,14,14,6919.12
4506,71,10,6840.34
4507,67,10,4070.43
4508,39,11,6240.33
4509,8,11,3050.99
4510,0,11,3053.32
4511,5,11,4738.56
4512,8,16,4347.87
4513,37,20,7148.79
4514,7,14,5130.23
4515,8,13,5715.16
4516,1,13,6399.36
4517,1,13,6196.68
4518,9,13,8224.02
4519,36,11,5676.03
4520,67,9,2691.08
4521,0,18,8200.9
4522,3,13,4886.75
4523,39,6,4437.57
4524,12,11,3670.14
4525,28,8,3659.06
4526,24,8,2990.8
4527,31,16,4552.97
4528,79,11,4386.78
4529,124,14,6392.9400000000005
4530,38,13,4521.97
4531,31,9,2306.06
4532,73,8,2837.53
4533,37,8,4101.6900000000005
4534,5,26,14274.33
4535,23,12,5771.77
4536,45,13,3063.0299999999997
4537,19,9,3508.55
4538,47,11,5169.7
4539,4,15,7808.53
4540,9,13,6704.63
4541,10,9,3755.8599999999997
4542,4,12,5645.85
4543,49,10,4751.4
4544,23,18,6367.63
4545,38,16,4598.67
4546,3,14,7815.7699999999995
4547,42,18,8243.48
4548,9,14,4828.12
4549,65,10,3810.76
4550,78,13,6600.98
4551,10,15,5511.75
4552,46,11,3761.52
4553,15,11,5281.68
4554,17,9,2564.0
4555,29,10,3671.6400000000003
4556,55,16,8511.06
4557,33,9,3715.25
4558,3,14,5279.26
4559,2,18,9562.59
4560,35,13,5365.35
4561,29,12,6540.01
4562,0,19,7527.37
4563,10,20,8685.48
4564,29,21,8806.87
4565,0,15,6668.530000000001
4566,40,11,6861.46
4567,27,20,8793.31
4568,28,15,8041.32
4569,7,11,4618.0
4570,25,14,3660.72
4571,59,11,4377.85
4572,51,10,3558.44
4573,69,9,4328.16
4574,16,8,5270.150000000001
4575,21,18,7235.89
4576,13,18,9203.53
4577,98,13,6018.23
4578,60,10,5574.0
4579,11,11,3707.7
4580,55,12,7075.34
4581,3,12,4191.69
4582,26,17,6690.38
4583,38,10,9529.55
4584,68,13,8939.36
4585,38,13,4672.59
4586,10,8,4260.26
4587,17,15,5301.8
4588,38,14,6026.73
4589,17,17,6295.99
4590,3,17,8364.8
4591,50,11,3634.72
4592,18,7,3782.9300000000003
4593,20,15,6143.17
4594,8,13,3897.98
4595,5,7,2638.32
4596,10,15,10165.869999999999
4597,3,12,6431.56
4598,55,13,4996.53
4599,30,8,3788.73
4600,15,14,4465.72
4601,0,13,4182.12
4602,81,9,3297.37
4603,44,12,5462.58
4604,28,16,4977.47
4605,5,8,3626.47
4606,37,6,3529.0299999999997
4607,27,11,4982.6
4608,12,20,5849.35
4609,12,12,5704.01
4610,12,17,7644.33
4611,3,13,4986.15
4612,12,15,9377.28
4613,4,11,6822.76
4614,55,13,5324.0199999999995
4615,36,19,4838.15
4616,11,10,6020.48
4617,6,13,5443.48
4618,24,18,6740.29
4619,1,18,6663.19
4620,26,15,6316.01
4621,16,16,6563.15
4622,17,14,6895.17
4623,5,8,3884.45
4624,40,10,3498.39
4625,115,9,2138.15
4626,42,11,4083.58
4627,14,12,5147.95
4628,12,9,4523.900000000001
4629,19,10,4083.12
4630,46,11,7283.62
4631,10,17,6228.03
4632,0,12,4439.3
4633,4,13,8216.07
4634,34,15,4574.78
4635,1,12,3625.9
4636,36,15,6301.53
4637,7,13,6756.76
4638,50,16,6652.09
4639,26,6,3550.7099999999996
4640,18,12,2927.55
4641,3,17,9949.4
4642,17,15,7995.13
4643,143,10,3121.24
4644,82,8,3559.68
4645,27,18,11309.57
4646,9,13,4516.15
4647,28,16,8539.98
4648,13,11,6447.98
4649,13,17,10865.09
4650,38,18,10027.4
4651,26,7,2019.7200000000003
4652,93,9,4165.98
4653,1,18,6663.04
4654,133,9,4120.04
4655,1,16,9621.380000000001
4656,20,16,7784.32
4657,4,10,4639.25
4658,9,12,6820.03
4659,2,17,7525.52
4660,2,11,4401.51
4661,36,13,6441.57
4662,59,13,3727.6
4663,44,7,2676.59
4664,33,11,3516.3199999999997
4665,4,21,8341.96
4666,31,16,4905.2300000000005
4667,25,13,8129.18
4668,15,17,7483.29
4669,1,14,7507.83
4670,16,12,3113.42
4671,7,19,10292.2
4672,54,8,3902.33
4673,13,16,7626.62
4674,34,15,6328.0
4675,39,14,7958.48
4676,8,13,6373.66
4677,7,10,3495.26
4678,17,15,5718.4800000000005
4679,28,12,4059.5699999999997
4680,6,11,8310.28
4681,25,14,7316.95
4682,44,13,7210.99
4683,20,7,2755.81
4684,39,14,4871.78
4685,66,8,3180.83
4686,57,10,5456.74
4687,86,14,6407.33
4688,23,13,3445.9
4689,14,9,4486.38
4690,15,10,3702.5
4691,52,20,11715.76
4692,28,18,7440.91
4693,50,16,5094.51
4694,8,5,2042.82
4695,8,12,4185.71
4696,33,9,3091.12
4697,10,19,7913.74
4698,28,14,6293.04
4699,4,10,5450.0599999999995
4700,24,19,10204.53
4701,7,12,5130.56
4702,10,15,6756.11
4703,10,19,9293.27
4704,44,14,7514.79
4705,5,11,5086.88
4706,8,16,6543.93
4707,28,8,2316.9700000000003
4708,1,10,2942.59
4709,6,15,6309.63
4710,11,17,5564.68
4711,13,10,3619.01
4712,18,7,5164.3
4713,8,8,3676.4900000000002
4714,23,14,4827.18
4715,16,6,1766.3600000000001
4716,8,17,8518.95
4717,20,9,3037.35
4718,16,15,10426.43
4719,21,14,9347.74
4720,25,21,9144.96
4721,0,16,8892.82
4722,14,13,8431.34
4723,30,15,6845.79
4724,25,13,6916.75
4725,24,7,4077.27
4726,60,13,5560.780000000001
4727,11,12,7056.1
4728,15,19,6621.79
4729,65,12,4260.52
4730,15,6,2390.92
4731,18,9,3989.52
4732,42,12,4601.98
4733,3,11,6192.63
4734,13,17,5177.01
4735,7,15,7656.45
4736,31,17,7522.19
4737,51,12,6407.62
4738,7,11,4915.83
4739,115,9,3338.67
4740,75,14,8076.14
4741,10,17,6007.47
4742,31,12,5394.63
4743,90,12,6532.92
4744,10,12,4080.54
4745,3,7,2927.37
4746,11,11,3264.6800000000003
4747,33,8,4355.28
4748,73,9,2984.62
4749,31,11,4135.51
4750,38,13,4788.49
4751,56,12,6276.57
4752,20,14,8036.02
4753,38,13,6106.97
4754,56,17,9611.04
4755,39,9,5135.33
4756,4,10,3255.61
4757,15,8,4592.639999999999
4758,42,12,3778.37
4759,8,14,6845.74
4760,7,10,3550.7200000000003
4761,6,16,5425.26
4762,76,15,5328.83
4763,8,12,4385.63
4764,13,12,6290.41
4765,6,17,8266.26
4766,59,14,5086.85
4767,17,8,2761.89
4768,7,15,6663.110000000001
4769,55,10,5030.3
4770,48,13,5395.46
4771,2,14,5006.87
4772,28,12,5223.62
4773,10,10,4718.13
4774,8,9,1995.55
4775,16,13,6869.6
4776,21,13,4206.13
4777,35,13,4875.72
4778,7,17,4122.62
4779,11,9,2914.85
4780,90,7,1883.6399999999999
4781,2,11,5572.0
4782,3,10,4970.73
4783,69,10,3628.55
4784,87,12,5954.29
4785,13,12,7353.12
4786,55,11,3943.63
4787,35,10,3849.0499999999997
4788,60,12,6742.9400000000005
4789,7,13,4114.09
4790,9,18,6514.97
4791,134,10,4982.14
4792,3,18,6882.05
4793,13,12,6647.33
4794,13,17,8996.82
4795,7,14,6849.51
4796,31,14,5311.34
4797,9,21,8492.98
4798,17,14,8782.87
4799,23,9,4298.08
4800,44,19,7456.82
4801,8,15,5236.84
4802,18,10,4105.2
4803,1,13,3270.51
4804,26,14,5800.5
4805,12,13,6059.4
4806,3,14,5821.18
4807,23,17,9288.26
4808,25,10,5974.46
4809,45,16,6780.59
4810,81,8,2782.41
4811,42,13,5704.4
4812,39,18,8350.380000000001
4813,3,11,3926.1
4814,28,7,5618.84
4815,57,14,7496.81
4816,20,15,8887.98
4817,18,16,6243.31
4818,92,6,3460.4
4819,3,21,6763.48
4820,35,13,4548.89
4821,3,14,6078.22
4822,15,11,3823.28
4823,0,14,5778.3
4824,3,23,8749.56
4825,31,17,8553.32
4826,9,11,4277.099999999999
4827,3,13,4831.49
4828,10,13,4827.42
4829,10,10,5396.98
4830,9,9,2813.54
4831,36,7,3076.73
4832,72,17,4489.32
4833,54,19,11342.91
4834,39,16,5979.52
4835,0,12,2857.16
4836,32,14,6573.79
4837,3,11,3488.3900000000003
4838,10,12,4313.21
4839,5,18,10606.75
4840,46,20,9047.7
4841,12,16,6591.43
4842,13,14,6723.37
4843,31,8,2218.08
4844,43,8,2806.69
4845,197,5,1591.01
4846,41,18,4773.92
4847,36,10,6319.09
4848,1,23,12678.23
4849,36,8,4530.28
4850,6,8,6065.08
4851,31,14,5223.07
4852,76,7,2631.72
4853,35,15,5138.39
4854,7,13,7310.98
4855,43,10,4092.37
4856,8,7,2372.4
4857,2,13,4054.54
4858,62,10,2264.7400000000002
4859,0,14,5384.83
4860,59,8,4550.16
4861,27,10,6428.52
4862,11,12,7111.4
4863,68,15,7673.6900000000005
4864,36,15,6520.1900000000005
4865,7,16,7217.06
4866,36,17,6782.46
4867,1,15,8215.9
4868,31,8,3481.74
4869,10,10,6482.95
4870,4,9,4518.34
4871,4,10,4854.8
4872,3,15,7045.15
4873,38,13,8004.24
4874,34,13,3992.67
4875,27,9,2988.19
4876,30,9,3498.85
4877,27,10,5631.74
4878,17,18,7089.53
4879,39,9,5832.57
4880,6,12,6418.99
4881,12,15,7576.24
4882,7,17,6928.4800000000005
4883,22,22,10271.88
4884,2,13,6180.0
4885,73,6,2211.53
4886,31,18,8738.5
4887,20,17,4494.13
4888,47,14,4138.64
4889,21,14,7410.41
4890,72,13,7018.82
4891,20,11,4887.610000000001
4892,0,9,3637.4900000000002
4893,38,7,3113.06
4894,43,9,4051.48
4895,11,12,5848.82
4896,49,14,6442.37
4897,45,19,10712.78
4898,3,11,4263.28
4899,14,8,3841.1
4900,105,14,6434.92
4901,11,13,9316.64
4902,7,20,9038.12
4903,10,8,1986.77
4904,25,8,3985.47
4905,10,14,4604.26
4906,23,12,7588.19
4907,3,7,1823.36
4908,6,13,6146.41
4909,45,13,4410.8
4910,8,14,4647.11
4911,52,15,4959.73
4912,9,11,6061.92
4913,9,9,3474.24
4914,38,17,9091.82
4915,3,13,5396.17
4916,60,9,2199.23
4917,10,8,3740.14
4918,38,16,6493.56
4919,50,9,7743.95
4920,8,12,6308.84
4921,10,12,6884.78
4922,22,13,4881.72
4923,35,18,6563.71
4924,10,17,8789.140000000001
4925,84,19,5876.0199999999995
4926,61,11,4046.54
4927,43,13,5508.13
4928,47,15,6921.39
4929,11,16,5394.27
4930,20,14,7786.49
4931,46,18,9036.77
4932,11,11,5853.110000000001
4933,143,10,4551.14
4934,18,15,7645.28
4935,18,12,3749.58
4936,12,16,4691.63
4937,3,23,11342.48
4938,17,18,6966.18
4939,17,9,3939.92
4940,12,12,5314.25
4941,170,5,2261.9700000000003
4942,8,16,6323.77
4943,0,14,5891.29
4944,5,17,6182.7
4945,18,16,7182.69
4946,29,12,4435.75
4947,8,9,2999.26
4948,17,10,4879.52
4949,20,5,1655.3
4950,1,11,5302.73
4951,39,20,6227.0
4952,15,18,6131.27
4953,3,14,3991.8
4954,44,13,4491.6
4955,78,14,5532.36
4956,6,12,6484.08
4957,44,12,2712.5
4958,27,9,2000.52
4959,22,23,11072.99
4960,2,14,4898.87
4961,26,10,4821.64
4962,7,17,4971.58
4963,101,6,1212.03
4964,15,17,8475.95
4965,15,14,5384.24
4966,1,15,5941.14
4967,49,12,3790.59
4968,28,9,2517.96
4969,37,11,3071.8
4970,2,22,10871.26
4971,61,10,6350.46
4972,3,16,7989.72
4973,26,22,8873.84
4974,12,14,8473.0
4975,23,10,3968.67
4976,4,8,4363.81
4977,32,10,4371.38
4978,7,14,6499.93
4979,1,9,4494.879999999999
4980,99,5,2323.06
4981,42,8,2708.9100000000003
4982,158,7,3489.3199999999997
4983,18,12,5283.93
4984,13,12,5617.42
4985,54,12,4782.44
4986,23,10,2654.43
4987,36,10,4240.43
4988,60,11,4331.42
4989,48,12,3718.06
4990,10,12,6294.41
4991,38,8,3635.52
4992,16,20,9824.380000000001
4993,2,17,8670.4
4994,18,21,8087.17
4995,9,18,7328.0
4996,7,18,9005.09
4997,60,14,7690.04
4998,15,11,4042.96
4999,11,14,4948.68
5000,15,17,8818.52
